{
"meta":{"test_sets":[],"test_metrics":[],"learn_metrics":[{"best_value":"Min","name":"RMSE"}],"launch_mode":"Train","parameters":"","iteration_count":1000,"learn_sets":["learn"],"name":"experiment"},
"iterations":[
{"learn":[0.327004527],"iteration":0,"passed_time":0.04317355999,"remaining_time":43.13038643},
{"learn":[0.3174582603],"iteration":1,"passed_time":0.08330455133,"remaining_time":41.56897111},
{"learn":[0.3070904985],"iteration":2,"passed_time":0.1220776073,"remaining_time":40.57045816},
{"learn":[0.2982689163],"iteration":3,"passed_time":0.1616701676,"remaining_time":40.25587173},
{"learn":[0.2915072536],"iteration":4,"passed_time":0.2040237377,"remaining_time":40.60072381},
{"learn":[0.2836697506],"iteration":5,"passed_time":0.2413318002,"remaining_time":39.9806349},
{"learn":[0.2777037002],"iteration":6,"passed_time":0.2787346188,"remaining_time":39.54049663},
{"learn":[0.2716670432],"iteration":7,"passed_time":0.3166140808,"remaining_time":39.26014601},
{"learn":[0.2669849164],"iteration":8,"passed_time":0.3604297223,"remaining_time":39.6873172},
{"learn":[0.2623003675],"iteration":9,"passed_time":0.3998320444,"remaining_time":39.58337239},
{"learn":[0.25740914],"iteration":10,"passed_time":0.4367374172,"remaining_time":39.26666415},
{"learn":[0.2536003875],"iteration":11,"passed_time":0.4820618695,"remaining_time":39.68976059},
{"learn":[0.249392481],"iteration":12,"passed_time":0.5239213225,"remaining_time":39.77771887},
{"learn":[0.2461041487],"iteration":13,"passed_time":0.5642696685,"remaining_time":39.74070665},
{"learn":[0.2431580351],"iteration":14,"passed_time":0.6031099966,"remaining_time":39.60422311},
{"learn":[0.2401964021],"iteration":15,"passed_time":0.6456454384,"remaining_time":39.70719446},
{"learn":[0.237727637],"iteration":16,"passed_time":0.6833187988,"remaining_time":39.51190466},
{"learn":[0.2340227494],"iteration":17,"passed_time":0.7166148049,"remaining_time":39.0953188},
{"learn":[0.2305990917],"iteration":18,"passed_time":0.76823669,"remaining_time":39.66527331},
{"learn":[0.2274112344],"iteration":19,"passed_time":0.8072307778,"remaining_time":39.55430811},
{"learn":[0.2246847334],"iteration":20,"passed_time":0.8490788219,"remaining_time":39.58324603},
{"learn":[0.2219713074],"iteration":21,"passed_time":0.8849832196,"remaining_time":39.34152676},
{"learn":[0.2197659714],"iteration":22,"passed_time":0.9253327405,"remaining_time":39.30652554},
{"learn":[0.2152282583],"iteration":23,"passed_time":0.9685442379,"remaining_time":39.38746567},
{"learn":[0.2111366446],"iteration":24,"passed_time":1.008517114,"remaining_time":39.33216746},
{"learn":[0.2073013623],"iteration":25,"passed_time":1.050154506,"remaining_time":39.34040344},
{"learn":[0.2050720938],"iteration":26,"passed_time":1.089059204,"remaining_time":39.24646685},
{"learn":[0.2029324466],"iteration":27,"passed_time":1.261099587,"remaining_time":43.77817137},
{"learn":[0.2008289293],"iteration":28,"passed_time":1.359901852,"remaining_time":45.53326545},
{"learn":[0.1986038212],"iteration":29,"passed_time":1.458086686,"remaining_time":47.14480286},
{"learn":[0.1953514513],"iteration":30,"passed_time":1.533792806,"remaining_time":47.94339449},
{"learn":[0.1935064692],"iteration":31,"passed_time":1.591925292,"remaining_time":48.15574007},
{"learn":[0.1901990869],"iteration":32,"passed_time":1.648774282,"remaining_time":48.31408275},
{"learn":[0.1887633174],"iteration":33,"passed_time":1.722286462,"remaining_time":48.93319771},
{"learn":[0.1857853444],"iteration":34,"passed_time":1.803826389,"remaining_time":49.73407045},
{"learn":[0.1840443337],"iteration":35,"passed_time":1.859583236,"remaining_time":49.79550664},
{"learn":[0.1811906623],"iteration":36,"passed_time":1.919217158,"remaining_time":49.95151685},
{"learn":[0.1797368342],"iteration":37,"passed_time":1.965674128,"remaining_time":49.76259239},
{"learn":[0.1767649982],"iteration":38,"passed_time":2.018884506,"remaining_time":49.74738488},
{"learn":[0.1741699343],"iteration":39,"passed_time":2.062464629,"remaining_time":49.49915109},
{"learn":[0.1729014142],"iteration":40,"passed_time":2.100264827,"remaining_time":49.12570657},
{"learn":[0.1714254851],"iteration":41,"passed_time":2.136783736,"remaining_time":48.73901949},
{"learn":[0.1692584972],"iteration":42,"passed_time":2.180004827,"remaining_time":48.51778184},
{"learn":[0.1668090366],"iteration":43,"passed_time":2.219543523,"remaining_time":48.22462745},
{"learn":[0.1640954819],"iteration":44,"passed_time":2.262712279,"remaining_time":48.0197828},
{"learn":[0.1622008108],"iteration":45,"passed_time":2.309912937,"remaining_time":47.90558568},
{"learn":[0.1609112765],"iteration":46,"passed_time":2.388286639,"remaining_time":48.4263227},
{"learn":[0.1594478558],"iteration":47,"passed_time":2.480251951,"remaining_time":49.1916637},
{"learn":[0.1582965996],"iteration":48,"passed_time":2.574900689,"remaining_time":49.97409296},
{"learn":[0.157217343],"iteration":49,"passed_time":2.655763093,"remaining_time":50.45949877},
{"learn":[0.154683659],"iteration":50,"passed_time":2.717661296,"remaining_time":50.5698151},
{"learn":[0.1520839983],"iteration":51,"passed_time":2.795727835,"remaining_time":50.968269},
{"learn":[0.1511644903],"iteration":52,"passed_time":2.860878257,"remaining_time":51.11795677},
{"learn":[0.1493510559],"iteration":53,"passed_time":2.910736916,"remaining_time":50.99179857},
{"learn":[0.1471363016],"iteration":54,"passed_time":2.957490254,"remaining_time":50.81505983},
{"learn":[0.1461729821],"iteration":55,"passed_time":2.995113812,"remaining_time":50.4890614},
{"learn":[0.1448938052],"iteration":56,"passed_time":3.039234809,"remaining_time":50.28067412},
{"learn":[0.1426624576],"iteration":57,"passed_time":3.082384219,"remaining_time":50.06217128},
{"learn":[0.1407035518],"iteration":58,"passed_time":3.138520609,"remaining_time":50.05674395},
{"learn":[0.1398987328],"iteration":59,"passed_time":3.205458574,"remaining_time":50.218851},
{"learn":[0.1376817309],"iteration":60,"passed_time":3.269642757,"remaining_time":50.33105818},
{"learn":[0.136713686],"iteration":61,"passed_time":3.324881274,"remaining_time":50.30223606},
{"learn":[0.1353584707],"iteration":62,"passed_time":3.377419312,"remaining_time":50.23241104},
{"learn":[0.1335096211],"iteration":63,"passed_time":3.449467488,"remaining_time":50.44846202},
{"learn":[0.1323882074],"iteration":64,"passed_time":3.504492027,"remaining_time":50.41076993},
{"learn":[0.1307218534],"iteration":65,"passed_time":3.565251484,"remaining_time":50.45371039},
{"learn":[0.1286943578],"iteration":66,"passed_time":3.619433124,"remaining_time":50.40195679},
{"learn":[0.1270192483],"iteration":67,"passed_time":3.666265456,"remaining_time":50.24940302},
{"learn":[0.1262119789],"iteration":68,"passed_time":3.70944238,"remaining_time":50.05059211},
{"learn":[0.1251863967],"iteration":69,"passed_time":3.759580939,"remaining_time":49.94871819},
{"learn":[0.1244768808],"iteration":70,"passed_time":3.798188697,"remaining_time":49.69742676},
{"learn":[0.1236280267],"iteration":71,"passed_time":3.836859753,"remaining_time":49.45285904},
{"learn":[0.1230449875],"iteration":72,"passed_time":3.88664545,"remaining_time":49.35507304},
{"learn":[0.1221976235],"iteration":73,"passed_time":3.942284333,"remaining_time":49.33182827},
{"learn":[0.120725493],"iteration":74,"passed_time":4.004521076,"remaining_time":49.38909327},
{"learn":[0.1195132355],"iteration":75,"passed_time":4.065271506,"remaining_time":49.42514305},
{"learn":[0.1180993866],"iteration":76,"passed_time":4.128507086,"remaining_time":49.48846806},
{"learn":[0.1170104239],"iteration":77,"passed_time":4.191281547,"remaining_time":49.54309726},
{"learn":[0.1164429748],"iteration":78,"passed_time":4.246637679,"remaining_time":49.50826965},
{"learn":[0.1157096227],"iteration":79,"passed_time":4.289296736,"remaining_time":49.32691247},
{"learn":[0.1146808452],"iteration":80,"passed_time":4.326879988,"remaining_time":49.09139146},
{"learn":[0.1141693304],"iteration":81,"passed_time":4.365891967,"remaining_time":48.87669299},
{"learn":[0.1133225197],"iteration":82,"passed_time":4.405521988,"remaining_time":48.67305618},
{"learn":[0.1124926649],"iteration":83,"passed_time":4.450666183,"remaining_time":48.53345504},
{"learn":[0.110959306],"iteration":84,"passed_time":4.493025476,"remaining_time":48.36609777},
{"learn":[0.1105334084],"iteration":85,"passed_time":4.53081883,"remaining_time":48.15312106},
{"learn":[0.1100325953],"iteration":86,"passed_time":4.569194601,"remaining_time":47.95028357},
{"learn":[0.1089866421],"iteration":87,"passed_time":4.614002904,"remaining_time":47.81784828},
{"learn":[0.1080057014],"iteration":88,"passed_time":4.661386377,"remaining_time":47.71374146},
{"learn":[0.1067184944],"iteration":89,"passed_time":4.71220163,"remaining_time":47.64559426},
{"learn":[0.1052940706],"iteration":90,"passed_time":4.772066377,"remaining_time":47.66822348},
{"learn":[0.1044092598],"iteration":91,"passed_time":4.82502505,"remaining_time":47.6208994},
{"learn":[0.1039952482],"iteration":92,"passed_time":4.880459193,"remaining_time":47.59759664},
{"learn":[0.1033330893],"iteration":93,"passed_time":4.937095457,"remaining_time":47.58519664},
{"learn":[0.1025873687],"iteration":94,"passed_time":5.001978746,"remaining_time":47.65042911},
{"learn":[0.1019868244],"iteration":95,"passed_time":5.055211044,"remaining_time":47.60323733},
{"learn":[0.1007699103],"iteration":96,"passed_time":5.122857262,"remaining_time":47.69010421},
{"learn":[0.09893010509],"iteration":97,"passed_time":5.191574967,"remaining_time":47.7836798},
{"learn":[0.09859288796],"iteration":98,"passed_time":5.258912407,"remaining_time":47.86141494},
{"learn":[0.09774185821],"iteration":99,"passed_time":5.323199451,"remaining_time":47.90879506},
{"learn":[0.09710441518],"iteration":100,"passed_time":5.383644073,"remaining_time":47.91976259},
{"learn":[0.0962863648],"iteration":101,"passed_time":5.439598374,"remaining_time":47.88979745},
{"learn":[0.09508203825],"iteration":102,"passed_time":5.495995239,"remaining_time":47.86318184},
{"learn":[0.094774845],"iteration":103,"passed_time":5.543813273,"remaining_time":47.76208358},
{"learn":[0.0942773921],"iteration":104,"passed_time":5.595321391,"remaining_time":47.69345376},
{"learn":[0.093895304],"iteration":105,"passed_time":5.639736661,"remaining_time":47.56532618},
{"learn":[0.09331376739],"iteration":106,"passed_time":5.712471424,"remaining_time":47.67511198},
{"learn":[0.09174826035],"iteration":107,"passed_time":5.760696678,"remaining_time":47.57908738},
{"learn":[0.091196591],"iteration":108,"passed_time":5.799418306,"remaining_time":47.40625423},
{"learn":[0.089967272],"iteration":109,"passed_time":5.841652644,"remaining_time":47.26428048},
{"learn":[0.08893718015],"iteration":110,"passed_time":5.88204693,"remaining_time":47.10936685},
{"learn":[0.08843170811],"iteration":111,"passed_time":5.924232943,"remaining_time":46.97070405},
{"learn":[0.08739887872],"iteration":112,"passed_time":5.966860549,"remaining_time":46.83721511},
{"learn":[0.08697506295],"iteration":113,"passed_time":6.010001616,"remaining_time":46.70931081},
{"learn":[0.08589326542],"iteration":114,"passed_time":6.067371033,"remaining_time":46.69237708},
{"learn":[0.08454391287],"iteration":115,"passed_time":6.118194118,"remaining_time":46.62485862},
{"learn":[0.08407197965],"iteration":116,"passed_time":6.174147857,"remaining_time":46.59634665},
{"learn":[0.08356282097],"iteration":117,"passed_time":6.233130087,"remaining_time":46.59000624},
{"learn":[0.08330842577],"iteration":118,"passed_time":6.281322069,"remaining_time":46.502897},
{"learn":[0.08291161667],"iteration":119,"passed_time":6.335825389,"remaining_time":46.46271952},
{"learn":[0.08201932192],"iteration":120,"passed_time":6.378753613,"remaining_time":46.33821839},
{"learn":[0.08110295512],"iteration":121,"passed_time":6.470623022,"remaining_time":46.5672706},
{"learn":[0.07999147151],"iteration":122,"passed_time":6.571184762,"remaining_time":46.85308159},
{"learn":[0.07951662466],"iteration":123,"passed_time":6.660837924,"remaining_time":47.05559695},
{"learn":[0.07889306069],"iteration":124,"passed_time":6.736754386,"remaining_time":47.1572807},
{"learn":[0.07854827975],"iteration":125,"passed_time":6.846253133,"remaining_time":47.48908919},
{"learn":[0.07815978945],"iteration":126,"passed_time":6.903265143,"remaining_time":47.4531533},
{"learn":[0.07749787156],"iteration":127,"passed_time":7.017755882,"remaining_time":47.80846195},
{"learn":[0.0772001634],"iteration":128,"passed_time":7.121254477,"remaining_time":48.0822686},
{"learn":[0.07666666466],"iteration":129,"passed_time":7.223366545,"remaining_time":48.34099149},
{"learn":[0.0758994993],"iteration":130,"passed_time":7.276770841,"remaining_time":48.27109817},
{"learn":[0.07566916167],"iteration":131,"passed_time":7.371916338,"remaining_time":48.47593471},
{"learn":[0.07511246829],"iteration":132,"passed_time":7.424293069,"remaining_time":48.39745933},
{"learn":[0.07430952644],"iteration":133,"passed_time":7.468678245,"remaining_time":48.26772657},
{"learn":[0.0736539255],"iteration":134,"passed_time":7.51010415,"remaining_time":48.12029696},
{"learn":[0.0727098115],"iteration":135,"passed_time":7.550206758,"remaining_time":47.9660194},
{"learn":[0.07245594509],"iteration":136,"passed_time":7.601814744,"remaining_time":47.88588412},
{"learn":[0.07177968122],"iteration":137,"passed_time":7.646931319,"remaining_time":47.76561447},
{"learn":[0.07099167325],"iteration":138,"passed_time":7.695936452,"remaining_time":47.67051284},
{"learn":[0.07040787386],"iteration":139,"passed_time":7.736181207,"remaining_time":47.52225599},
{"learn":[0.07018932621],"iteration":140,"passed_time":7.792178252,"remaining_time":47.47149729},
{"learn":[0.06982789633],"iteration":141,"passed_time":7.838794925,"remaining_time":47.36398624},
{"learn":[0.06936795938],"iteration":142,"passed_time":7.883696335,"remaining_time":47.24704726},
{"learn":[0.06888571093],"iteration":143,"passed_time":7.923806141,"remaining_time":47.10262539},
{"learn":[0.06830721266],"iteration":144,"passed_time":7.968780529,"remaining_time":46.98832657},
{"learn":[0.0677458357],"iteration":145,"passed_time":8.004086432,"remaining_time":46.81842338},
{"learn":[0.06736061869],"iteration":146,"passed_time":8.039190957,"remaining_time":46.6491829},
{"learn":[0.06710787474],"iteration":147,"passed_time":8.093717466,"remaining_time":46.59356271},
{"learn":[0.06654712307],"iteration":148,"passed_time":8.145125001,"remaining_time":46.52014346},
{"learn":[0.06606193402],"iteration":149,"passed_time":8.195335408,"remaining_time":46.44023398},
{"learn":[0.06575202151],"iteration":150,"passed_time":8.233554551,"remaining_time":46.29329678},
{"learn":[0.06556964373],"iteration":151,"passed_time":8.286365382,"remaining_time":46.22919634},
{"learn":[0.06468035027],"iteration":152,"passed_time":8.326548235,"remaining_time":46.09533565},
{"learn":[0.06422303404],"iteration":153,"passed_time":8.368983711,"remaining_time":45.97506636},
{"learn":[0.06406023013],"iteration":154,"passed_time":8.412014738,"remaining_time":45.85904809},
{"learn":[0.06357489699],"iteration":155,"passed_time":8.45785539,"remaining_time":45.75916634},
{"learn":[0.06290392918],"iteration":156,"passed_time":8.497980612,"remaining_time":45.62928443},
{"learn":[0.06263993774],"iteration":157,"passed_time":8.546517971,"remaining_time":45.54536792},
{"learn":[0.06221833816],"iteration":158,"passed_time":8.590255247,"remaining_time":45.43650732},
{"learn":[0.06134632638],"iteration":159,"passed_time":8.62933699,"remaining_time":45.3040192},
{"learn":[0.06084372314],"iteration":160,"passed_time":8.677085541,"remaining_time":45.21785571},
{"learn":[0.06070181911],"iteration":161,"passed_time":8.726426415,"remaining_time":45.14040331},
{"learn":[0.06013008348],"iteration":162,"passed_time":8.774330852,"remaining_time":45.05591977},
{"learn":[0.05977524483],"iteration":163,"passed_time":8.826370328,"remaining_time":44.99296094},
{"learn":[0.05943201276],"iteration":164,"passed_time":8.876433495,"remaining_time":44.92013314},
{"learn":[0.05931354034],"iteration":165,"passed_time":8.916859219,"remaining_time":44.79916017},
{"learn":[0.0588512859],"iteration":166,"passed_time":8.963677675,"remaining_time":44.71103894},
{"learn":[0.05839444341],"iteration":167,"passed_time":9.008292023,"remaining_time":44.61249383},
{"learn":[0.05807236663],"iteration":168,"passed_time":9.049014079,"remaining_time":44.49544793},
{"learn":[0.05784077523],"iteration":169,"passed_time":9.086032115,"remaining_time":44.36121562},
{"learn":[0.0576932246],"iteration":170,"passed_time":9.125128986,"remaining_time":44.23819842},
{"learn":[0.05729351053],"iteration":171,"passed_time":9.165219319,"remaining_time":44.12093951},
{"learn":[0.05652964693],"iteration":172,"passed_time":9.211516598,"remaining_time":44.03424408},
{"learn":[0.05636240297],"iteration":173,"passed_time":9.254458541,"remaining_time":43.9320848},
{"learn":[0.05595690624],"iteration":174,"passed_time":9.293223748,"remaining_time":43.81091196},
{"learn":[0.0555617242],"iteration":175,"passed_time":9.334303891,"remaining_time":43.70151367},
{"learn":[0.055190831],"iteration":176,"passed_time":9.376607947,"remaining_time":43.5985782},
{"learn":[0.05486426713],"iteration":177,"passed_time":9.435241759,"remaining_time":43.57173442},
{"learn":[0.05476823852],"iteration":178,"passed_time":9.496018883,"remaining_time":43.55436594},
{"learn":[0.05449881284],"iteration":179,"passed_time":9.551750834,"remaining_time":43.51353158},
{"learn":[0.05420159875],"iteration":180,"passed_time":9.606909887,"remaining_time":43.46994032},
{"learn":[0.05388860923],"iteration":181,"passed_time":9.673857852,"remaining_time":43.47920727},
{"learn":[0.05377839641],"iteration":182,"passed_time":9.714715756,"remaining_time":43.37116269},
{"learn":[0.05303908651],"iteration":183,"passed_time":9.756061939,"remaining_time":43.26601382},
{"learn":[0.0527307633],"iteration":184,"passed_time":9.797122756,"remaining_time":43.16029754},
{"learn":[0.05251952974],"iteration":185,"passed_time":9.852292704,"remaining_time":43.11702291},
{"learn":[0.05221352387],"iteration":186,"passed_time":9.904534256,"remaining_time":43.06088957},
{"learn":[0.05178601663],"iteration":187,"passed_time":9.941459263,"remaining_time":42.9386432},
{"learn":[0.0517112916],"iteration":188,"passed_time":9.995052895,"remaining_time":42.88882486},
{"learn":[0.05145653783],"iteration":189,"passed_time":10.04472694,"remaining_time":42.82225695},
{"learn":[0.05113778726],"iteration":190,"passed_time":10.09892536,"remaining_time":42.77502939},
{"learn":[0.05087580925],"iteration":191,"passed_time":10.15194892,"remaining_time":42.72278503},
{"learn":[0.05022328396],"iteration":192,"passed_time":10.19662147,"remaining_time":42.63561412},
{"learn":[0.04999686303],"iteration":193,"passed_time":10.24472959,"remaining_time":42.5631549},
{"learn":[0.04990759389],"iteration":194,"passed_time":10.31302298,"remaining_time":42.57427433},
{"learn":[0.04975418182],"iteration":195,"passed_time":10.36682725,"remaining_time":42.52514853},
{"learn":[0.04953454567],"iteration":196,"passed_time":10.46741092,"remaining_time":42.66665468},
{"learn":[0.04911931174],"iteration":197,"passed_time":10.55344917,"remaining_time":42.74679918},
{"learn":[0.04888744686],"iteration":198,"passed_time":10.6200235,"remaining_time":42.74692875},
{"learn":[0.04872350873],"iteration":199,"passed_time":10.68708678,"remaining_time":42.74834713},
{"learn":[0.04866803225],"iteration":200,"passed_time":10.75936145,"remaining_time":42.76979999},
{"learn":[0.04855523174],"iteration":201,"passed_time":10.81222606,"remaining_time":42.71364553},
{"learn":[0.04835822144],"iteration":202,"passed_time":10.85881959,"remaining_time":42.63290253},
{"learn":[0.04805799604],"iteration":203,"passed_time":10.90313064,"remaining_time":42.54358817},
{"learn":[0.0477311759],"iteration":204,"passed_time":10.94483017,"remaining_time":42.44458529},
{"learn":[0.04709873821],"iteration":205,"passed_time":10.99852184,"remaining_time":42.39236089},
{"learn":[0.04680351243],"iteration":206,"passed_time":11.06054772,"remaining_time":42.37204994},
{"learn":[0.04598511221],"iteration":207,"passed_time":11.10503371,"remaining_time":42.28455144},
{"learn":[0.04589014387],"iteration":208,"passed_time":11.14656632,"remaining_time":42.18628687},
{"learn":[0.04578028983],"iteration":209,"passed_time":11.19016709,"remaining_time":42.09634286},
{"learn":[0.04549683195],"iteration":210,"passed_time":11.24294422,"remaining_time":42.0411516},
{"learn":[0.04526249265],"iteration":211,"passed_time":11.31129238,"remaining_time":42.04386036},
{"learn":[0.04477117161],"iteration":212,"passed_time":11.3769612,"remaining_time":42.03600218},
{"learn":[0.0444026291],"iteration":213,"passed_time":11.44041079,"remaining_time":42.01945273},
{"learn":[0.0442224158],"iteration":214,"passed_time":11.48376482,"remaining_time":41.9290948},
{"learn":[0.0440715506],"iteration":215,"passed_time":11.52128752,"remaining_time":41.81800657},
{"learn":[0.04387417111],"iteration":216,"passed_time":11.57264841,"remaining_time":41.7575286},
{"learn":[0.04362962865],"iteration":217,"passed_time":11.66454873,"remaining_time":41.84255553},
{"learn":[0.04358161514],"iteration":218,"passed_time":11.73618862,"remaining_time":41.85371374},
{"learn":[0.04328434974],"iteration":219,"passed_time":11.89961097,"remaining_time":42.18952979},
{"learn":[0.04314958613],"iteration":220,"passed_time":11.97543144,"remaining_time":42.21204113},
{"learn":[0.0429311377],"iteration":221,"passed_time":12.04837056,"remaining_time":42.22356889},
{"learn":[0.0427577808],"iteration":222,"passed_time":12.12239756,"remaining_time":42.23812963},
{"learn":[0.04251807419],"iteration":223,"passed_time":12.1804883,"remaining_time":42.1966916},
{"learn":[0.04237026103],"iteration":224,"passed_time":12.26514645,"remaining_time":42.24661554},
{"learn":[0.04232837714],"iteration":225,"passed_time":12.34917334,"remaining_time":42.29318658},
{"learn":[0.04219666664],"iteration":226,"passed_time":12.465157,"remaining_time":42.44742891},
{"learn":[0.04204442232],"iteration":227,"passed_time":12.51437246,"remaining_time":42.37322603},
{"learn":[0.04148714463],"iteration":228,"passed_time":12.55516618,"remaining_time":42.27088699},
{"learn":[0.04126816164],"iteration":229,"passed_time":12.591138,"remaining_time":42.15294025},
{"learn":[0.04121477094],"iteration":230,"passed_time":12.63951139,"remaining_time":42.07698812},
{"learn":[0.04109444646],"iteration":231,"passed_time":12.67753946,"remaining_time":41.96702718},
{"learn":[0.04092884613],"iteration":232,"passed_time":12.71514915,"remaining_time":41.85630642},
{"learn":[0.04083899179],"iteration":233,"passed_time":12.75629663,"remaining_time":41.75779153},
{"learn":[0.04074407622],"iteration":234,"passed_time":12.7927101,"remaining_time":41.64435416},
{"learn":[0.04055909283],"iteration":235,"passed_time":12.82767163,"remaining_time":41.52686918},
{"learn":[0.04041825399],"iteration":236,"passed_time":12.86734715,"remaining_time":41.42525687},
{"learn":[0.04033944885],"iteration":237,"passed_time":12.90795112,"remaining_time":41.32713763},
{"learn":[0.03984251593],"iteration":238,"passed_time":12.94520751,"remaining_time":41.21884063},
{"learn":[0.03960954381],"iteration":239,"passed_time":13.00263662,"remaining_time":41.17501595},
{"learn":[0.03942178612],"iteration":240,"passed_time":13.04156009,"remaining_time":41.07279714},
{"learn":[0.03916298923],"iteration":241,"passed_time":13.08382361,"remaining_time":40.98156322},
{"learn":[0.03912908158],"iteration":242,"passed_time":13.12911953,"remaining_time":40.90017895},
{"learn":[0.0389976748],"iteration":243,"passed_time":13.16907545,"remaining_time":40.80254525},
{"learn":[0.0388867953],"iteration":244,"passed_time":13.20732729,"remaining_time":40.70013105},
{"learn":[0.03865619472],"iteration":245,"passed_time":13.24274289,"remaining_time":40.58954529},
{"learn":[0.03852603066],"iteration":246,"passed_time":13.28623722,"remaining_time":40.50419687},
{"learn":[0.03829436463],"iteration":247,"passed_time":13.32456629,"remaining_time":40.4035236},
{"learn":[0.03817700855],"iteration":248,"passed_time":13.36975828,"remaining_time":40.32405009},
{"learn":[0.03806709284],"iteration":249,"passed_time":13.40742104,"remaining_time":40.22226313},
{"learn":[0.03787596362],"iteration":250,"passed_time":13.44915055,"remaining_time":40.13312257},
{"learn":[0.0371858547],"iteration":251,"passed_time":13.50773589,"remaining_time":40.09439066},
{"learn":[0.03709893532],"iteration":252,"passed_time":13.65610724,"remaining_time":40.32060121},
{"learn":[0.03698894535],"iteration":253,"passed_time":13.81936311,"remaining_time":40.58757826},
{"learn":[0.03659652955],"iteration":254,"passed_time":13.89940865,"remaining_time":40.60807624},
{"learn":[0.03652323242],"iteration":255,"passed_time":13.96491449,"remaining_time":40.58553275},
{"learn":[0.03638844856],"iteration":256,"passed_time":14.02444195,"remaining_time":40.54537108},
{"learn":[0.03619044849],"iteration":257,"passed_time":14.07293152,"remaining_time":40.47331469},
{"learn":[0.03611835868],"iteration":258,"passed_time":14.11226518,"remaining_time":40.37524517},
{"learn":[0.03592461168],"iteration":259,"passed_time":14.15192632,"remaining_time":40.27855953},
{"learn":[0.03576431844],"iteration":260,"passed_time":14.19122469,"remaining_time":40.18128371},
{"learn":[0.03532672827],"iteration":261,"passed_time":14.23269016,"remaining_time":40.09055474},
{"learn":[0.03527808073],"iteration":262,"passed_time":14.26837119,"remaining_time":39.98399075},
{"learn":[0.03517486122],"iteration":263,"passed_time":14.31211583,"remaining_time":39.90044413},
{"learn":[0.03498295309],"iteration":264,"passed_time":14.35666849,"remaining_time":39.81943903},
{"learn":[0.03459289615],"iteration":265,"passed_time":14.4106903,"remaining_time":39.76483714},
{"learn":[0.03443394631],"iteration":266,"passed_time":14.45743588,"remaining_time":39.69026406},
{"learn":[0.03422879156],"iteration":267,"passed_time":14.50152156,"remaining_time":39.60863351},
{"learn":[0.03413955136],"iteration":268,"passed_time":14.55433038,"remaining_time":39.55098702},
{"learn":[0.03409938365],"iteration":269,"passed_time":14.60761103,"remaining_time":39.49465203},
{"learn":[0.0338272876],"iteration":270,"passed_time":14.64676298,"remaining_time":39.40033288},
{"learn":[0.03364398597],"iteration":271,"passed_time":14.69213567,"remaining_time":39.32306901},
{"learn":[0.03354872942],"iteration":272,"passed_time":14.73970734,"remaining_time":39.25189464},
{"learn":[0.03330501777],"iteration":273,"passed_time":14.79416068,"remaining_time":39.19912646},
{"learn":[0.03327459968],"iteration":274,"passed_time":14.85155682,"remaining_time":39.15410434},
{"learn":[0.03310286956],"iteration":275,"passed_time":14.90167308,"remaining_time":39.08989604},
{"learn":[0.03301933168],"iteration":276,"passed_time":14.94399631,"remaining_time":39.00544886},
{"learn":[0.03295823477],"iteration":277,"passed_time":14.990106,"remaining_time":38.93113862},
{"learn":[0.03287864752],"iteration":278,"passed_time":15.05889781,"remaining_time":38.91564632},
{"learn":[0.03279799431],"iteration":279,"passed_time":15.1082061,"remaining_time":38.84967284},
{"learn":[0.03276410574],"iteration":280,"passed_time":15.1460693,"remaining_time":38.75453319},
{"learn":[0.03268699387],"iteration":281,"passed_time":15.18927225,"remaining_time":38.67339529},
{"learn":[0.03252392031],"iteration":282,"passed_time":15.23223562,"remaining_time":38.59191851},
{"learn":[0.03236559227],"iteration":283,"passed_time":15.27938158,"remaining_time":38.52125779},
{"learn":[0.03221862475],"iteration":284,"passed_time":15.33875172,"remaining_time":38.48142976},
{"learn":[0.03219289958],"iteration":285,"passed_time":15.40071251,"remaining_time":38.44793263},
{"learn":[0.03209612864],"iteration":286,"passed_time":15.46246822,"remaining_time":38.41372768},
{"learn":[0.03173451753],"iteration":287,"passed_time":15.5349601,"remaining_time":38.40587357},
{"learn":[0.03134307565],"iteration":288,"passed_time":15.57995057,"remaining_time":38.32991299},
{"learn":[0.03100611131],"iteration":289,"passed_time":15.62595787,"remaining_time":38.25665548},
{"learn":[0.03086197485],"iteration":290,"passed_time":15.68103279,"remaining_time":38.20567782},
{"learn":[0.03070558651],"iteration":291,"passed_time":15.74995333,"remaining_time":38.188243},
{"learn":[0.03063892549],"iteration":292,"passed_time":15.8066261,"remaining_time":38.14090326},
{"learn":[0.03025569961],"iteration":293,"passed_time":15.86351531,"remaining_time":38.09401976},
{"learn":[0.02965147084],"iteration":294,"passed_time":15.93664792,"remaining_time":38.08588741},
{"learn":[0.02956485997],"iteration":295,"passed_time":16.02284124,"remaining_time":38.10837917},
{"learn":[0.02944175184],"iteration":296,"passed_time":16.07242204,"remaining_time":38.04347708},
{"learn":[0.0293370068],"iteration":297,"passed_time":16.12960506,"remaining_time":37.99658643},
{"learn":[0.02926428859],"iteration":298,"passed_time":16.19956276,"remaining_time":37.9795769},
{"learn":[0.02920538796],"iteration":299,"passed_time":16.24358998,"remaining_time":37.90170996},
{"learn":[0.02917917941],"iteration":300,"passed_time":16.29332949,"remaining_time":37.83733326},
{"learn":[0.02915588847],"iteration":301,"passed_time":16.33903577,"remaining_time":37.76373168},
{"learn":[0.02889378883],"iteration":302,"passed_time":16.38021233,"remaining_time":37.67989437},
{"learn":[0.02883419087],"iteration":303,"passed_time":16.42355587,"remaining_time":37.60129897},
{"learn":[0.02877892283],"iteration":304,"passed_time":16.46390596,"remaining_time":37.51611359},
{"learn":[0.02846962251],"iteration":305,"passed_time":16.51243492,"remaining_time":37.44977071},
{"learn":[0.02818421583],"iteration":306,"passed_time":16.5541299,"remaining_time":37.36811734},
{"learn":[0.0279204033],"iteration":307,"passed_time":16.60326411,"remaining_time":37.30343754},
{"learn":[0.02786309212],"iteration":308,"passed_time":16.64178729,"remaining_time":37.21512952},
{"learn":[0.02769161094],"iteration":309,"passed_time":16.68746089,"remaining_time":37.14305811},
{"learn":[0.0276405976],"iteration":310,"passed_time":16.73682135,"remaining_time":37.07932448},
{"learn":[0.02758694392],"iteration":311,"passed_time":16.77938054,"remaining_time":37.00068528},
{"learn":[0.02756638681],"iteration":312,"passed_time":16.82624541,"remaining_time":36.93172713},
{"learn":[0.02729995261],"iteration":313,"passed_time":16.8613053,"remaining_time":36.83711921},
{"learn":[0.02706867309],"iteration":314,"passed_time":16.90635789,"remaining_time":36.76461954},
{"learn":[0.02683149265],"iteration":315,"passed_time":16.95670767,"remaining_time":36.70375965},
{"learn":[0.02659548462],"iteration":316,"passed_time":17.00310233,"remaining_time":36.63444445},
{"learn":[0.02652381845],"iteration":317,"passed_time":17.04430579,"remaining_time":36.55414009},
{"learn":[0.02631512006],"iteration":318,"passed_time":17.08439829,"remaining_time":36.4717092},
{"learn":[0.02610208333],"iteration":319,"passed_time":17.1405541,"remaining_time":36.42367747},
{"learn":[0.02605281709],"iteration":320,"passed_time":17.1921209,"remaining_time":36.36588813},
{"learn":[0.02583976673],"iteration":321,"passed_time":17.2349606,"remaining_time":36.28976177},
{"learn":[0.02580010096],"iteration":322,"passed_time":17.27635554,"remaining_time":36.21081332},
{"learn":[0.02558646773],"iteration":323,"passed_time":17.31880357,"remaining_time":36.13429387},
{"learn":[0.02548664962],"iteration":324,"passed_time":17.3637621,"remaining_time":36.06319821},
{"learn":[0.02531848954],"iteration":325,"passed_time":17.40897419,"remaining_time":35.99278713},
{"learn":[0.02523640432],"iteration":326,"passed_time":17.45206547,"remaining_time":35.91816533},
{"learn":[0.0251943095],"iteration":327,"passed_time":17.49288847,"remaining_time":35.83908857},
{"learn":[0.02506457872],"iteration":328,"passed_time":17.53287481,"remaining_time":35.75853798},
{"learn":[0.02499849079],"iteration":329,"passed_time":17.5834963,"remaining_time":35.69982582},
{"learn":[0.02494519986],"iteration":330,"passed_time":17.63764749,"remaining_time":35.6482966},
{"learn":[0.02487724397],"iteration":331,"passed_time":17.67895356,"remaining_time":35.57090656},
{"learn":[0.02482881831],"iteration":332,"passed_time":17.72296494,"remaining_time":35.49915201},
{"learn":[0.02478858578],"iteration":333,"passed_time":17.76209672,"remaining_time":35.41783358},
{"learn":[0.0246238594],"iteration":334,"passed_time":17.80809741,"remaining_time":35.35040233},
{"learn":[0.02456631931],"iteration":335,"passed_time":17.85536501,"remaining_time":35.28560227},
{"learn":[0.02453297506],"iteration":336,"passed_time":17.89804538,"remaining_time":35.21188156},
{"learn":[0.0244973017],"iteration":337,"passed_time":17.93432652,"remaining_time":35.12581112},
{"learn":[0.02446893409],"iteration":338,"passed_time":17.97228771,"remaining_time":35.04331025},
{"learn":[0.02441648777],"iteration":339,"passed_time":18.01770049,"remaining_time":34.97553625},
{"learn":[0.02397759342],"iteration":340,"passed_time":18.06648419,"remaining_time":34.91440787},
{"learn":[0.02392469584],"iteration":341,"passed_time":18.10918244,"remaining_time":34.84164341},
{"learn":[0.02372549242],"iteration":342,"passed_time":18.14836468,"remaining_time":34.76231951},
{"learn":[0.02363227269],"iteration":343,"passed_time":18.20508415,"remaining_time":34.71667211},
{"learn":[0.02359146614],"iteration":344,"passed_time":18.2529675,"remaining_time":34.65418468},
{"learn":[0.02357109337],"iteration":345,"passed_time":18.30152942,"remaining_time":34.59306428},
{"learn":[0.02354074453],"iteration":346,"passed_time":18.33837603,"remaining_time":34.50996987},
{"learn":[0.02351496583],"iteration":347,"passed_time":18.37924371,"remaining_time":34.43467499},
{"learn":[0.02347231016],"iteration":348,"passed_time":18.42071568,"remaining_time":34.3607046},
{"learn":[0.02328859679],"iteration":349,"passed_time":18.45914596,"remaining_time":34.28127107},
{"learn":[0.02325431292],"iteration":350,"passed_time":18.50969947,"remaining_time":34.22448705},
{"learn":[0.02323733069],"iteration":351,"passed_time":18.5554209,"remaining_time":34.15884302},
{"learn":[0.02307466874],"iteration":352,"passed_time":18.59880896,"remaining_time":34.08903511},
{"learn":[0.02300062385],"iteration":353,"passed_time":18.63971426,"remaining_time":34.0148458},
{"learn":[0.0228409479],"iteration":354,"passed_time":18.68283146,"remaining_time":33.94486279},
{"learn":[0.02270137539],"iteration":355,"passed_time":18.73004725,"remaining_time":33.88244502},
{"learn":[0.02256901096],"iteration":356,"passed_time":18.7671401,"remaining_time":33.80187979},
{"learn":[0.02241256889],"iteration":357,"passed_time":18.80942047,"remaining_time":33.73086018},
{"learn":[0.02238263004],"iteration":358,"passed_time":18.84679709,"remaining_time":33.65124494},
{"learn":[0.02232392578],"iteration":359,"passed_time":18.88817418,"remaining_time":33.57897632},
{"learn":[0.02228741915],"iteration":360,"passed_time":18.93683762,"remaining_time":33.51977629},
{"learn":[0.0221312032],"iteration":361,"passed_time":18.98003241,"remaining_time":33.45099635},
{"learn":[0.02210857329],"iteration":362,"passed_time":19.02447229,"remaining_time":33.38454228},
{"learn":[0.02194306307],"iteration":363,"passed_time":19.06307519,"remaining_time":33.30801051},
{"learn":[0.02189696103],"iteration":364,"passed_time":19.10807017,"remaining_time":33.242807},
{"learn":[0.02184470493],"iteration":365,"passed_time":19.16136823,"remaining_time":33.19209688},
{"learn":[0.02172768329],"iteration":366,"passed_time":19.21242231,"remaining_time":33.13750224},
{"learn":[0.02161348615],"iteration":367,"passed_time":19.26026601,"remaining_time":33.07741337},
{"learn":[0.02124173436],"iteration":368,"passed_time":19.30526426,"remaining_time":33.01252506},
{"learn":[0.02111393053],"iteration":369,"passed_time":19.36140652,"remaining_time":32.96671921},
{"learn":[0.0210668569],"iteration":370,"passed_time":19.40726475,"remaining_time":32.9034219},
{"learn":[0.02103623532],"iteration":371,"passed_time":19.44667005,"remaining_time":32.8293247},
{"learn":[0.02100977316],"iteration":372,"passed_time":19.48349306,"remaining_time":32.75107278},
{"learn":[0.02095808906],"iteration":373,"passed_time":19.52700481,"remaining_time":32.684238},
{"learn":[0.02078520908],"iteration":374,"passed_time":19.57604378,"remaining_time":32.62673963},
{"learn":[0.02075232064],"iteration":375,"passed_time":19.62749234,"remaining_time":32.57328516},
{"learn":[0.020703297],"iteration":376,"passed_time":19.67188131,"remaining_time":32.50817522},
{"learn":[0.02066498138],"iteration":377,"passed_time":19.7182574,"remaining_time":32.44644471},
{"learn":[0.02064983756],"iteration":378,"passed_time":19.75934913,"remaining_time":32.3761367},
{"learn":[0.02058692808],"iteration":379,"passed_time":19.80549345,"remaining_time":32.31422616},
{"learn":[0.02051853437],"iteration":380,"passed_time":19.8542537,"remaining_time":32.2566484},
{"learn":[0.02050336002],"iteration":381,"passed_time":19.89817455,"remaining_time":32.19128762},
{"learn":[0.02039596368],"iteration":382,"passed_time":19.93741975,"remaining_time":32.11850649},
{"learn":[0.02017131504],"iteration":383,"passed_time":19.97595215,"remaining_time":32.04475657},
{"learn":[0.02013300049],"iteration":384,"passed_time":20.0250038,"remaining_time":31.98799309},
{"learn":[0.02011970947],"iteration":385,"passed_time":20.07427116,"remaining_time":31.93161267},
{"learn":[0.02009299947],"iteration":386,"passed_time":20.11818875,"remaining_time":31.8667951},
{"learn":[0.01997483349],"iteration":387,"passed_time":20.15678071,"remaining_time":31.79368504},
{"learn":[0.01965783487],"iteration":388,"passed_time":20.20120212,"remaining_time":31.72990872},
{"learn":[0.01951801058],"iteration":389,"passed_time":20.25567995,"remaining_time":31.68196094},
{"learn":[0.01941786193],"iteration":390,"passed_time":20.30826725,"remaining_time":31.63103517},
{"learn":[0.0193780545],"iteration":391,"passed_time":20.35019661,"remaining_time":31.56357025},
{"learn":[0.01935424],"iteration":392,"passed_time":20.38887354,"remaining_time":31.4912118},
{"learn":[0.01933913434],"iteration":393,"passed_time":20.42463061,"remaining_time":31.41453338},
{"learn":[0.01920906655],"iteration":394,"passed_time":20.4625052,"remaining_time":31.34130543},
{"learn":[0.01915736846],"iteration":395,"passed_time":20.51519247,"remaining_time":31.29084912},
{"learn":[0.0190152792],"iteration":396,"passed_time":20.55811704,"remaining_time":31.22555308},
{"learn":[0.01898533577],"iteration":397,"passed_time":20.60134754,"remaining_time":31.16083221},
{"learn":[0.01893878342],"iteration":398,"passed_time":20.64256148,"remaining_time":31.09318157},
{"learn":[0.01891903747],"iteration":399,"passed_time":20.68283537,"remaining_time":31.02425306},
{"learn":[0.01888259539],"iteration":400,"passed_time":20.7329021,"remaining_time":30.97009566},
{"learn":[0.0188473361],"iteration":401,"passed_time":20.77502698,"remaining_time":30.90414462},
{"learn":[0.0185759609],"iteration":402,"passed_time":20.81700075,"remaining_time":30.83808796},
{"learn":[0.01855122036],"iteration":403,"passed_time":20.85442273,"remaining_time":30.76543551},
{"learn":[0.01843119179],"iteration":404,"passed_time":20.9000887,"remaining_time":30.70506859},
{"learn":[0.01838870375],"iteration":405,"passed_time":20.94663917,"remaining_time":30.64606814},
{"learn":[0.01833151587],"iteration":406,"passed_time":20.98788588,"remaining_time":30.57940129},
{"learn":[0.01820979022],"iteration":407,"passed_time":21.02557492,"remaining_time":30.50769695},
{"learn":[0.01819237506],"iteration":408,"passed_time":21.06398638,"remaining_time":30.43720281},
{"learn":[0.01817925626],"iteration":409,"passed_time":21.14279899,"remaining_time":30.42500343},
{"learn":[0.01814728022],"iteration":410,"passed_time":21.30816904,"remaining_time":30.53652449},
{"learn":[0.01811635686],"iteration":411,"passed_time":21.48132133,"remaining_time":30.65780811},
{"learn":[0.01808385078],"iteration":412,"passed_time":21.57902778,"remaining_time":30.67043416},
{"learn":[0.0178535811],"iteration":413,"passed_time":21.65432132,"remaining_time":30.65080264},
{"learn":[0.01783169743],"iteration":414,"passed_time":21.74712231,"remaining_time":30.65558206},
{"learn":[0.01778479282],"iteration":415,"passed_time":21.81006483,"remaining_time":30.61797563},
{"learn":[0.01773731766],"iteration":416,"passed_time":21.87356956,"remaining_time":30.5810337},
{"learn":[0.01763887636],"iteration":417,"passed_time":21.98779412,"remaining_time":30.61458415},
{"learn":[0.01761297204],"iteration":418,"passed_time":22.13388903,"remaining_time":30.69162179},
{"learn":[0.01758503139],"iteration":419,"passed_time":22.20715869,"remaining_time":30.66702867},
{"learn":[0.01745001026],"iteration":420,"passed_time":22.27664028,"remaining_time":30.63699459},
{"learn":[0.01735533339],"iteration":421,"passed_time":22.32635141,"remaining_time":30.57969459},
{"learn":[0.01732579822],"iteration":422,"passed_time":22.37695967,"remaining_time":30.5236542},
{"learn":[0.01730080701],"iteration":423,"passed_time":22.43624954,"remaining_time":30.47943334},
{"learn":[0.01725769979],"iteration":424,"passed_time":22.52568141,"remaining_time":30.4759219},
{"learn":[0.01715574615],"iteration":425,"passed_time":22.57644571,"remaining_time":30.41990572},
{"learn":[0.0171167768],"iteration":426,"passed_time":22.63482014,"remaining_time":30.37412632},
{"learn":[0.01708813912],"iteration":427,"passed_time":22.7129478,"remaining_time":30.35468725},
{"learn":[0.01706099234],"iteration":428,"passed_time":22.77217104,"remaining_time":30.30981273},
{"learn":[0.01703586745],"iteration":429,"passed_time":22.83016606,"remaining_time":30.26324338},
{"learn":[0.01700470067],"iteration":430,"passed_time":22.88529026,"remaining_time":30.212831},
{"learn":[0.01693060212],"iteration":431,"passed_time":22.96833836,"remaining_time":30.19911155},
{"learn":[0.01681096218],"iteration":432,"passed_time":23.03470987,"remaining_time":30.1632344},
{"learn":[0.0167324819],"iteration":433,"passed_time":23.08384571,"remaining_time":30.10473888},
{"learn":[0.0167163894],"iteration":434,"passed_time":23.14724179,"remaining_time":30.0648083},
{"learn":[0.01669551586],"iteration":435,"passed_time":23.21256589,"remaining_time":30.02726413},
{"learn":[0.01668461975],"iteration":436,"passed_time":23.28182906,"remaining_time":29.99466765},
{"learn":[0.01665718623],"iteration":437,"passed_time":23.33830488,"remaining_time":29.94549622},
{"learn":[0.01662174246],"iteration":438,"passed_time":23.39322104,"remaining_time":29.89429842},
{"learn":[0.01654402505],"iteration":439,"passed_time":23.4588556,"remaining_time":29.85672531},
{"learn":[0.01650889842],"iteration":440,"passed_time":23.55273012,"remaining_time":29.85482117},
{"learn":[0.01638650524],"iteration":441,"passed_time":23.62073378,"remaining_time":29.81984039},
{"learn":[0.01634362934],"iteration":442,"passed_time":23.79757294,"remaining_time":29.92155333},
{"learn":[0.01632567947],"iteration":443,"passed_time":23.89639088,"remaining_time":29.9243093},
{"learn":[0.01630171103],"iteration":444,"passed_time":23.98592219,"remaining_time":29.91502656},
{"learn":[0.01621686319],"iteration":445,"passed_time":24.121809,"remaining_time":29.96296455},
{"learn":[0.01615093831],"iteration":446,"passed_time":24.22318245,"remaining_time":29.96738232},
{"learn":[0.01613054417],"iteration":447,"passed_time":24.30690951,"remaining_time":29.94958493},
{"learn":[0.01605977023],"iteration":448,"passed_time":24.42292418,"remaining_time":29.97111631},
{"learn":[0.01603837418],"iteration":449,"passed_time":24.46250543,"remaining_time":29.89861775},
{"learn":[0.01599896554],"iteration":450,"passed_time":24.51525522,"remaining_time":29.84229516},
{"learn":[0.0158690564],"iteration":451,"passed_time":24.55956806,"remaining_time":29.77575951},
{"learn":[0.01564172328],"iteration":452,"passed_time":24.60476944,"remaining_time":29.71039488},
{"learn":[0.01560548263],"iteration":453,"passed_time":24.65718894,"remaining_time":29.65379991},
{"learn":[0.01557742435],"iteration":454,"passed_time":24.70156396,"remaining_time":29.5875876},
{"learn":[0.01551968258],"iteration":455,"passed_time":24.74426399,"remaining_time":29.51947282},
{"learn":[0.01541846391],"iteration":456,"passed_time":24.77960343,"remaining_time":29.44272355},
{"learn":[0.01539896214],"iteration":457,"passed_time":24.82499839,"remaining_time":29.37805487},
{"learn":[0.01537821776],"iteration":458,"passed_time":24.86553296,"remaining_time":29.30774147},
{"learn":[0.01530796303],"iteration":459,"passed_time":24.92564966,"remaining_time":29.26054525},
{"learn":[0.01528486074],"iteration":460,"passed_time":24.96436108,"remaining_time":29.18826599},
{"learn":[0.01522727097],"iteration":461,"passed_time":25.01877227,"remaining_time":29.13441446},
{"learn":[0.01520990845],"iteration":462,"passed_time":25.05735978,"remaining_time":29.06220778},
{"learn":[0.0150202446],"iteration":463,"passed_time":25.10724232,"remaining_time":29.00319371},
{"learn":[0.01501120012],"iteration":464,"passed_time":25.15346043,"remaining_time":28.94000286},
{"learn":[0.01499778046],"iteration":465,"passed_time":25.19379575,"remaining_time":28.87014362},
{"learn":[0.01488794405],"iteration":466,"passed_time":25.23510192,"remaining_time":28.8015189},
{"learn":[0.01484069933],"iteration":467,"passed_time":25.27407794,"remaining_time":28.7303621},
{"learn":[0.01482153931],"iteration":468,"passed_time":25.31897898,"remaining_time":28.66605083},
{"learn":[0.01479427985],"iteration":469,"passed_time":25.37158715,"remaining_time":28.61051316},
{"learn":[0.01475834437],"iteration":470,"passed_time":25.4133007,"remaining_time":28.54275174},
{"learn":[0.01474147153],"iteration":471,"passed_time":25.45596222,"remaining_time":28.47616113},
{"learn":[0.01472656986],"iteration":472,"passed_time":25.50799755,"remaining_time":28.42011567},
{"learn":[0.01456945307],"iteration":473,"passed_time":25.55564318,"remaining_time":28.35921585},
{"learn":[0.01456028094],"iteration":474,"passed_time":25.61100974,"remaining_time":28.3069055},
{"learn":[0.01454310337],"iteration":475,"passed_time":25.65651808,"remaining_time":28.24372999},
{"learn":[0.01452329978],"iteration":476,"passed_time":25.70151175,"remaining_time":28.18006425},
{"learn":[0.01446026041],"iteration":477,"passed_time":25.73888839,"remaining_time":28.10815845},
{"learn":[0.01444367048],"iteration":478,"passed_time":25.78323405,"remaining_time":28.04397691},
{"learn":[0.01442057629],"iteration":479,"passed_time":25.83634078,"remaining_time":27.98936918},
{"learn":[0.01437053984],"iteration":480,"passed_time":25.87389054,"remaining_time":27.91798168},
{"learn":[0.01435427921],"iteration":481,"passed_time":25.91730128,"remaining_time":27.85303333},
{"learn":[0.01434665008],"iteration":482,"passed_time":25.95865872,"remaining_time":27.78597632},
{"learn":[0.0143318647],"iteration":483,"passed_time":25.99897402,"remaining_time":27.71791445},
{"learn":[0.01431617793],"iteration":484,"passed_time":26.04799437,"remaining_time":27.65921052},
{"learn":[0.01419013004],"iteration":485,"passed_time":26.09184548,"remaining_time":27.59507938},
{"learn":[0.0140986074],"iteration":486,"passed_time":26.1320647,"remaining_time":27.52720573},
{"learn":[0.01406523255],"iteration":487,"passed_time":26.17460082,"remaining_time":27.46187627},
{"learn":[0.01405821643],"iteration":488,"passed_time":26.22364209,"remaining_time":27.40343785},
{"learn":[0.01401775062],"iteration":489,"passed_time":26.267313,"remaining_time":27.33944822},
{"learn":[0.01400748701],"iteration":490,"passed_time":26.31555173,"remaining_time":27.28027664},
{"learn":[0.01391660954],"iteration":491,"passed_time":26.35593108,"remaining_time":27.21303453},
{"learn":[0.01378004782],"iteration":492,"passed_time":26.39752419,"remaining_time":27.14714962},
{"learn":[0.01376910274],"iteration":493,"passed_time":26.43686415,"remaining_time":27.07905518},
{"learn":[0.01375013129],"iteration":494,"passed_time":26.50033438,"remaining_time":27.03569467},
{"learn":[0.0137368854],"iteration":495,"passed_time":26.53920056,"remaining_time":26.96725219},
{"learn":[0.0136887172],"iteration":496,"passed_time":26.58127815,"remaining_time":26.90217889},
{"learn":[0.01367449003],"iteration":497,"passed_time":26.62620745,"remaining_time":26.84007257},
{"learn":[0.01358926096],"iteration":498,"passed_time":26.6907754,"remaining_time":26.79775245},
{"learn":[0.01357687303],"iteration":499,"passed_time":26.72980187,"remaining_time":26.72980187},
{"learn":[0.01349369968],"iteration":500,"passed_time":26.76736924,"remaining_time":26.66051347},
{"learn":[0.01337862524],"iteration":501,"passed_time":26.81096491,"remaining_time":26.59733172},
{"learn":[0.01335212477],"iteration":502,"passed_time":26.84649238,"remaining_time":26.52625589},
{"learn":[0.01334557231],"iteration":503,"passed_time":26.89127278,"remaining_time":26.46442718},
{"learn":[0.01331731301],"iteration":504,"passed_time":26.9631792,"remaining_time":26.42925486},
{"learn":[0.01329558657],"iteration":505,"passed_time":27.05901852,"remaining_time":26.41730267},
{"learn":[0.01324809067],"iteration":506,"passed_time":27.11078104,"remaining_time":26.36215987},
{"learn":[0.01313830267],"iteration":507,"passed_time":27.16974476,"remaining_time":26.31400477},
{"learn":[0.01312186425],"iteration":508,"passed_time":27.22085668,"remaining_time":26.25823307},
{"learn":[0.01311119411],"iteration":509,"passed_time":27.26976648,"remaining_time":26.20036388},
{"learn":[0.01307791981],"iteration":510,"passed_time":27.31903768,"remaining_time":26.14287559},
{"learn":[0.01298137417],"iteration":511,"passed_time":27.37706716,"remaining_time":26.09376713},
{"learn":[0.01296122372],"iteration":512,"passed_time":27.42816221,"remaining_time":26.03804093},
{"learn":[0.01292019764],"iteration":513,"passed_time":27.48252443,"remaining_time":25.98542193},
{"learn":[0.01270709752],"iteration":514,"passed_time":27.52483528,"remaining_time":25.92144681},
{"learn":[0.01268905982],"iteration":515,"passed_time":27.57548335,"remaining_time":25.86537585},
{"learn":[0.0126684338],"iteration":516,"passed_time":27.61771273,"remaining_time":25.80146083},
{"learn":[0.01265137518],"iteration":517,"passed_time":27.6619396,"remaining_time":25.7394882},
{"learn":[0.01261431303],"iteration":518,"passed_time":27.71832795,"remaining_time":25.688855},
{"learn":[0.0125986092],"iteration":519,"passed_time":27.76959437,"remaining_time":25.63347173},
{"learn":[0.01257998182],"iteration":520,"passed_time":27.81859077,"remaining_time":25.57601724},
{"learn":[0.01256863727],"iteration":521,"passed_time":27.85751775,"remaining_time":25.50937449},
{"learn":[0.01251470899],"iteration":522,"passed_time":27.90284919,"remaining_time":25.44867889},
{"learn":[0.01248598435],"iteration":523,"passed_time":27.94104093,"remaining_time":25.38155626},
{"learn":[0.0124752977],"iteration":524,"passed_time":27.9885724,"remaining_time":25.32299407},
{"learn":[0.01244110592],"iteration":525,"passed_time":28.04512569,"remaining_time":25.27260376},
{"learn":[0.01243405653],"iteration":526,"passed_time":28.08807695,"remaining_time":25.20998178},
{"learn":[0.01242331723],"iteration":527,"passed_time":28.12778402,"remaining_time":25.1445342},
{"learn":[0.01241101697],"iteration":528,"passed_time":28.1698134,"remaining_time":25.08125162},
{"learn":[0.0123843797],"iteration":529,"passed_time":28.22006218,"remaining_time":25.02533816},
{"learn":[0.01229289768],"iteration":530,"passed_time":28.26730623,"remaining_time":24.96679213},
{"learn":[0.01228030883],"iteration":531,"passed_time":28.31254614,"remaining_time":24.90652555},
{"learn":[0.01225120532],"iteration":532,"passed_time":28.35162793,"remaining_time":24.84091978},
{"learn":[0.01221954921],"iteration":533,"passed_time":28.39755759,"remaining_time":24.78138921},
{"learn":[0.0121913077],"iteration":534,"passed_time":28.44629251,"remaining_time":24.7243477},
{"learn":[0.01218151054],"iteration":535,"passed_time":28.50556597,"remaining_time":24.67646009},
{"learn":[0.01217332348],"iteration":536,"passed_time":28.54263022,"remaining_time":24.60938136},
{"learn":[0.01215914236],"iteration":537,"passed_time":28.58931906,"remaining_time":24.55067919},
{"learn":[0.01213327904],"iteration":538,"passed_time":28.63034288,"remaining_time":24.48717638},
{"learn":[0.01210730788],"iteration":539,"passed_time":28.67459792,"remaining_time":24.42650934},
{"learn":[0.01208887089],"iteration":540,"passed_time":28.72641364,"remaining_time":24.37231767},
{"learn":[0.01207909738],"iteration":541,"passed_time":28.76733342,"remaining_time":24.3089275},
{"learn":[0.01206062733],"iteration":542,"passed_time":28.81009368,"remaining_time":24.24716908},
{"learn":[0.01205069118],"iteration":543,"passed_time":28.84502133,"remaining_time":24.17891494},
{"learn":[0.01204250357],"iteration":544,"passed_time":28.8941838,"remaining_time":24.12266721},
{"learn":[0.01201879155],"iteration":545,"passed_time":28.94708054,"remaining_time":24.06955048},
{"learn":[0.01200428002],"iteration":546,"passed_time":29.00139592,"remaining_time":24.01760942},
{"learn":[0.01199799082],"iteration":547,"passed_time":29.05597073,"remaining_time":23.96587367},
{"learn":[0.01195262567],"iteration":548,"passed_time":29.11242696,"remaining_time":23.91567315},
{"learn":[0.01193732123],"iteration":549,"passed_time":29.16194937,"remaining_time":23.85977676},
{"learn":[0.01191322482],"iteration":550,"passed_time":29.20068157,"remaining_time":23.79511075},
{"learn":[0.01189786521],"iteration":551,"passed_time":29.23876485,"remaining_time":23.73001205},
{"learn":[0.01188720908],"iteration":552,"passed_time":29.27763383,"remaining_time":23.66564615},
{"learn":[0.01180771285],"iteration":553,"passed_time":29.32022034,"remaining_time":23.60436511},
{"learn":[0.01173564332],"iteration":554,"passed_time":29.36893074,"remaining_time":23.54806158},
{"learn":[0.01172862241],"iteration":555,"passed_time":29.41658559,"remaining_time":23.49094245},
{"learn":[0.01167322488],"iteration":556,"passed_time":29.47236005,"remaining_time":23.44031508},
{"learn":[0.01164823197],"iteration":557,"passed_time":29.51555807,"remaining_time":23.37970729},
{"learn":[0.01163436927],"iteration":558,"passed_time":29.5632067,"remaining_time":23.32267291},
{"learn":[0.01163013102],"iteration":559,"passed_time":29.60834736,"remaining_time":23.2637015},
{"learn":[0.01158932538],"iteration":560,"passed_time":29.64802516,"remaining_time":23.20050454},
{"learn":[0.01157746448],"iteration":561,"passed_time":29.6854378,"remaining_time":23.1356259},
{"learn":[0.01156565858],"iteration":562,"passed_time":29.72385363,"remaining_time":23.07162351},
{"learn":[0.01152662071],"iteration":563,"passed_time":29.77180331,"remaining_time":23.01508199},
{"learn":[0.01149961041],"iteration":564,"passed_time":29.83172036,"remaining_time":22.96778471},
{"learn":[0.01147239545],"iteration":565,"passed_time":29.86894149,"remaining_time":22.90303994},
{"learn":[0.0114676424],"iteration":566,"passed_time":29.90667135,"remaining_time":22.83878077},
{"learn":[0.01143638983],"iteration":567,"passed_time":29.94705422,"remaining_time":22.77663279},
{"learn":[0.01136319462],"iteration":568,"passed_time":29.98832973,"remaining_time":22.71523746},
{"learn":[0.0113370398],"iteration":569,"passed_time":30.03685546,"remaining_time":22.65938219},
{"learn":[0.01132844153],"iteration":570,"passed_time":30.07429427,"remaining_time":22.59522284},
{"learn":[0.0113179039],"iteration":571,"passed_time":30.11703349,"remaining_time":22.53512296},
{"learn":[0.01129804648],"iteration":572,"passed_time":30.15352007,"remaining_time":22.47042421},
{"learn":[0.01128443143],"iteration":573,"passed_time":30.19601256,"remaining_time":22.4102811},
{"learn":[0.01127094777],"iteration":574,"passed_time":30.24620054,"remaining_time":22.35588735},
{"learn":[0.01126672451],"iteration":575,"passed_time":30.28761191,"remaining_time":22.29504766},
{"learn":[0.01124747228],"iteration":576,"passed_time":30.3287182,"remaining_time":22.23405164},
{"learn":[0.0112431627],"iteration":577,"passed_time":30.36113824,"remaining_time":22.16678259},
{"learn":[0.01122644125],"iteration":578,"passed_time":30.40106841,"remaining_time":22.10509465},
{"learn":[0.01121394594],"iteration":579,"passed_time":30.46459349,"remaining_time":22.0605677},
{"learn":[0.01120627313],"iteration":580,"passed_time":30.50326055,"remaining_time":21.99804848},
{"learn":[0.01119288892],"iteration":581,"passed_time":30.54586317,"remaining_time":21.93843781},
{"learn":[0.01118094446],"iteration":582,"passed_time":30.58128514,"remaining_time":21.87374941},
{"learn":[0.0111198915],"iteration":583,"passed_time":30.6262719,"remaining_time":21.8159745},
{"learn":[0.01110945851],"iteration":584,"passed_time":30.67224872,"remaining_time":21.75894567},
{"learn":[0.01110433331],"iteration":585,"passed_time":30.71799375,"remaining_time":21.7017908},
{"learn":[0.01107198173],"iteration":586,"passed_time":30.75767473,"remaining_time":21.64040829},
{"learn":[0.01103301416],"iteration":587,"passed_time":30.80484692,"remaining_time":21.58434852},
{"learn":[0.01102276768],"iteration":588,"passed_time":30.85826781,"remaining_time":21.53267923},
{"learn":[0.01088452373],"iteration":589,"passed_time":30.90103779,"remaining_time":21.47360253},
{"learn":[0.01087535976],"iteration":590,"passed_time":30.94677678,"remaining_time":21.41663571},
{"learn":[0.0108727818],"iteration":591,"passed_time":30.98307078,"remaining_time":21.35319743},
{"learn":[0.0108630085],"iteration":592,"passed_time":31.02684931,"remaining_time":21.29498764},
{"learn":[0.01083896165],"iteration":593,"passed_time":31.06596211,"remaining_time":21.2336374},
{"learn":[0.0108274322],"iteration":594,"passed_time":31.11664098,"remaining_time":21.18023462},
{"learn":[0.01080877784],"iteration":595,"passed_time":31.16062804,"remaining_time":21.12230491},
{"learn":[0.01080094699],"iteration":596,"passed_time":31.20139761,"remaining_time":21.06224998},
{"learn":[0.0107940029],"iteration":597,"passed_time":31.2433726,"remaining_time":21.00306987},
{"learn":[0.01078033561],"iteration":598,"passed_time":31.28377318,"remaining_time":20.94289323},
{"learn":[0.01067032526],"iteration":599,"passed_time":31.3314636,"remaining_time":20.8876424},
{"learn":[0.0106596304],"iteration":600,"passed_time":31.36877491,"remaining_time":20.8255261},
{"learn":[0.01065431731],"iteration":601,"passed_time":31.41046569,"remaining_time":20.76638761},
{"learn":[0.01064817014],"iteration":602,"passed_time":31.45606128,"remaining_time":20.70987782},
{"learn":[0.01063855881],"iteration":603,"passed_time":31.49829366,"remaining_time":20.65119916},
{"learn":[0.01062888668],"iteration":604,"passed_time":31.55423183,"remaining_time":20.60152326},
{"learn":[0.01062058233],"iteration":605,"passed_time":31.59510512,"remaining_time":20.54203204},
{"learn":[0.01059223399],"iteration":606,"passed_time":31.63892854,"remaining_time":20.48451222},
{"learn":[0.01058499541],"iteration":607,"passed_time":31.67721886,"remaining_time":20.42347005},
{"learn":[0.01057549992],"iteration":608,"passed_time":31.72642906,"remaining_time":20.36951356},
{"learn":[0.01056269006],"iteration":609,"passed_time":31.77220384,"remaining_time":20.31337623},
{"learn":[0.01054804759],"iteration":610,"passed_time":31.81273153,"remaining_time":20.25393219},
{"learn":[0.01054126691],"iteration":611,"passed_time":31.85688075,"remaining_time":20.19684596},
{"learn":[0.01045331637],"iteration":612,"passed_time":31.9023357,"remaining_time":20.14062629},
{"learn":[0.01038113869],"iteration":613,"passed_time":31.9442768,"remaining_time":20.08223265},
{"learn":[0.01035621756],"iteration":614,"passed_time":31.99036875,"remaining_time":20.026491},
{"learn":[0.01034850462],"iteration":615,"passed_time":32.03474533,"remaining_time":19.96971138},
{"learn":[0.01034142356],"iteration":616,"passed_time":32.0727586,"remaining_time":19.90902195},
{"learn":[0.01026982328],"iteration":617,"passed_time":32.11545386,"remaining_time":19.85129996},
{"learn":[0.01019295781],"iteration":618,"passed_time":32.15669821,"remaining_time":19.79273347},
{"learn":[0.01018585102],"iteration":619,"passed_time":32.20427818,"remaining_time":19.73810598},
{"learn":[0.01018130436],"iteration":620,"passed_time":32.24277746,"remaining_time":19.67795919},
{"learn":[0.01017561575],"iteration":621,"passed_time":32.27983424,"remaining_time":19.61700537},
{"learn":[0.01016504335],"iteration":622,"passed_time":32.31983344,"remaining_time":19.55790884},
{"learn":[0.0100977332],"iteration":623,"passed_time":32.35722412,"remaining_time":19.49730171},
{"learn":[0.01008893519],"iteration":624,"passed_time":32.412173,"remaining_time":19.4473038},
{"learn":[0.01008536497],"iteration":625,"passed_time":32.45622667,"remaining_time":19.39078079},
{"learn":[0.01007939843],"iteration":626,"passed_time":32.49355194,"remaining_time":19.33029486},
{"learn":[0.01001684788],"iteration":627,"passed_time":32.53588292,"remaining_time":19.27284785},
{"learn":[0.01001170213],"iteration":628,"passed_time":32.57723381,"remaining_time":19.21487082},
{"learn":[0.01000467824],"iteration":629,"passed_time":32.62424717,"remaining_time":19.16027214},
{"learn":[0.009994831746],"iteration":630,"passed_time":32.66046286,"remaining_time":19.09938319},
{"learn":[0.009990383398],"iteration":631,"passed_time":32.69714065,"remaining_time":19.03884139},
{"learn":[0.009979728818],"iteration":632,"passed_time":32.73751319,"remaining_time":18.98051712},
{"learn":[0.009956974853],"iteration":633,"passed_time":32.77484767,"remaining_time":18.92049566},
{"learn":[0.00995062413],"iteration":634,"passed_time":32.82305818,"remaining_time":18.86679722},
{"learn":[0.009893924108],"iteration":635,"passed_time":32.86607985,"remaining_time":18.81014633},
{"learn":[0.00988792062],"iteration":636,"passed_time":32.9159388,"remaining_time":18.75743451},
{"learn":[0.009851600147],"iteration":637,"passed_time":32.95648312,"remaining_time":18.69944654},
{"learn":[0.009787562309],"iteration":638,"passed_time":32.99719849,"remaining_time":18.64160979},
{"learn":[0.009730500879],"iteration":639,"passed_time":33.04214411,"remaining_time":18.58620606},
{"learn":[0.00972402805],"iteration":640,"passed_time":33.09205246,"remaining_time":18.53361441},
{"learn":[0.009705562917],"iteration":641,"passed_time":33.13468109,"remaining_time":18.4769717},
{"learn":[0.009686608067],"iteration":642,"passed_time":33.17493537,"remaining_time":18.41905432},
{"learn":[0.009677940409],"iteration":643,"passed_time":33.21715819,"remaining_time":18.36227999},
{"learn":[0.009631119827],"iteration":644,"passed_time":33.25838844,"remaining_time":18.30500449},
{"learn":[0.009561875376],"iteration":645,"passed_time":33.31033946,"remaining_time":18.25365351},
{"learn":[0.009534971729],"iteration":646,"passed_time":33.3507272,"remaining_time":18.19599181},
{"learn":[0.00952220373],"iteration":647,"passed_time":33.39064468,"remaining_time":18.13812798},
{"learn":[0.009517216172],"iteration":648,"passed_time":33.43774167,"remaining_time":18.08420235},
{"learn":[0.009513760903],"iteration":649,"passed_time":33.47986009,"remaining_time":18.02761697},
{"learn":[0.009510627765],"iteration":650,"passed_time":33.53120425,"remaining_time":17.97602194},
{"learn":[0.009503469404],"iteration":651,"passed_time":33.573019,"remaining_time":17.91934143},
{"learn":[0.009501421387],"iteration":652,"passed_time":33.61713129,"remaining_time":17.86392734},
{"learn":[0.009497853665],"iteration":653,"passed_time":33.65307964,"remaining_time":17.80422868},
{"learn":[0.009490740533],"iteration":654,"passed_time":33.69514519,"remaining_time":17.74782456},
{"learn":[0.009415581786],"iteration":655,"passed_time":33.77169566,"remaining_time":17.70954772},
{"learn":[0.009390199844],"iteration":656,"passed_time":33.81636946,"remaining_time":17.65451252},
{"learn":[0.009389513158],"iteration":657,"passed_time":33.85742927,"remaining_time":17.59763041},
{"learn":[0.009383661845],"iteration":658,"passed_time":33.89970553,"remaining_time":17.54142578},
{"learn":[0.009378292028],"iteration":659,"passed_time":33.97088577,"remaining_time":17.50015328},
{"learn":[0.00931701646],"iteration":660,"passed_time":34.01132521,"remaining_time":17.44302458},
{"learn":[0.00921201413],"iteration":661,"passed_time":34.0517886,"remaining_time":17.38595853},
{"learn":[0.009205661437],"iteration":662,"passed_time":34.09329155,"remaining_time":17.32947097},
{"learn":[0.009199872865],"iteration":663,"passed_time":34.14470768,"remaining_time":17.27804485},
{"learn":[0.00919584447],"iteration":664,"passed_time":34.19126877,"remaining_time":17.22417299},
{"learn":[0.009191045774],"iteration":665,"passed_time":34.23042439,"remaining_time":17.16660923},
{"learn":[0.009187336586],"iteration":666,"passed_time":34.26910204,"remaining_time":17.10886204},
{"learn":[0.009179779258],"iteration":667,"passed_time":34.30963941,"remaining_time":17.05209624},
{"learn":[0.00910888189],"iteration":668,"passed_time":34.34161998,"remaining_time":16.99114531},
{"learn":[0.009057132612],"iteration":669,"passed_time":34.39751154,"remaining_time":16.94205792},
{"learn":[0.009053564196],"iteration":670,"passed_time":34.44334377,"remaining_time":16.88801803},
{"learn":[0.009038685686],"iteration":671,"passed_time":34.48989935,"remaining_time":16.83435564},
{"learn":[0.009029638192],"iteration":672,"passed_time":34.52420409,"remaining_time":16.77476187},
{"learn":[0.009024650788],"iteration":673,"passed_time":34.56521327,"remaining_time":16.71848594},
{"learn":[0.009014911715],"iteration":674,"passed_time":34.61293206,"remaining_time":16.6654858},
{"learn":[0.009007878171],"iteration":675,"passed_time":34.66027995,"remaining_time":16.61232352},
{"learn":[0.009000411638],"iteration":676,"passed_time":34.70280568,"remaining_time":16.55687775},
{"learn":[0.00899694108],"iteration":677,"passed_time":34.74300361,"remaining_time":16.50036455},
{"learn":[0.008992589917],"iteration":678,"passed_time":34.78537772,"remaining_time":16.4449282},
{"learn":[0.00898545642],"iteration":679,"passed_time":34.82261518,"remaining_time":16.38711303},
{"learn":[0.008979791777],"iteration":680,"passed_time":34.8665841,"remaining_time":16.3325115},
{"learn":[0.008974909931],"iteration":681,"passed_time":34.90607706,"remaining_time":16.27585411},
{"learn":[0.00894843733],"iteration":682,"passed_time":34.94762717,"remaining_time":16.22020178},
{"learn":[0.008947208534],"iteration":683,"passed_time":35.00783336,"remaining_time":16.17320956},
{"learn":[0.008934511793],"iteration":684,"passed_time":35.05359117,"remaining_time":16.11953463},
{"learn":[0.008876872404],"iteration":685,"passed_time":35.09874696,"remaining_time":16.06560721},
{"learn":[0.008871976831],"iteration":686,"passed_time":35.13673704,"remaining_time":16.0084406},
{"learn":[0.008866503799],"iteration":687,"passed_time":35.17994037,"remaining_time":15.95369389},
{"learn":[0.008859166076],"iteration":688,"passed_time":35.22005456,"remaining_time":15.89758631},
{"learn":[0.0088530197],"iteration":689,"passed_time":35.26244548,"remaining_time":15.84254797},
{"learn":[0.008810000715],"iteration":690,"passed_time":35.31169264,"remaining_time":15.79061219},
{"learn":[0.00880829591],"iteration":691,"passed_time":35.35350433,"remaining_time":15.73537476},
{"learn":[0.008803264953],"iteration":692,"passed_time":35.40242558,"remaining_time":15.68332562},
{"learn":[0.008801677083],"iteration":693,"passed_time":35.44169098,"remaining_time":15.62702801},
{"learn":[0.008786998026],"iteration":694,"passed_time":35.48423142,"remaining_time":15.57221666},
{"learn":[0.0087656879],"iteration":695,"passed_time":35.53450706,"remaining_time":15.52081918},
{"learn":[0.008742461265],"iteration":696,"passed_time":35.57802223,"remaining_time":15.46648599},
{"learn":[0.008737835989],"iteration":697,"passed_time":35.62412224,"remaining_time":15.41330217},
{"learn":[0.008674686067],"iteration":698,"passed_time":35.66078739,"remaining_time":15.35607583},
{"learn":[0.008672136814],"iteration":699,"passed_time":35.70653737,"remaining_time":15.30280173},
{"learn":[0.008665646033],"iteration":700,"passed_time":35.75569922,"remaining_time":15.25100437},
{"learn":[0.008613789094],"iteration":701,"passed_time":35.79880395,"remaining_time":15.19664327},
{"learn":[0.008611169148],"iteration":702,"passed_time":35.83654428,"remaining_time":15.14004787},
{"learn":[0.008598197705],"iteration":703,"passed_time":35.87564565,"remaining_time":15.08407828},
{"learn":[0.008544243059],"iteration":704,"passed_time":35.91604495,"remaining_time":15.02869966},
{"learn":[0.008541524381],"iteration":705,"passed_time":35.96563117,"remaining_time":14.97718919},
{"learn":[0.008538178739],"iteration":706,"passed_time":36.01879444,"remaining_time":14.92716658},
{"learn":[0.00853584241],"iteration":707,"passed_time":36.05533367,"remaining_time":14.87027886},
{"learn":[0.008527584756],"iteration":708,"passed_time":36.09552383,"remaining_time":14.81494702},
{"learn":[0.008502924468],"iteration":709,"passed_time":36.14030643,"remaining_time":14.76153361},
{"learn":[0.008495138107],"iteration":710,"passed_time":36.1845678,"remaining_time":14.70793262},
{"learn":[0.008443887004],"iteration":711,"passed_time":36.22227336,"remaining_time":14.65170608},
{"learn":[0.008442492717],"iteration":712,"passed_time":36.25835733,"remaining_time":14.59487876},
{"learn":[0.008437123578],"iteration":713,"passed_time":36.29619254,"remaining_time":14.53881102},
{"learn":[0.008434370954],"iteration":714,"passed_time":36.33870207,"remaining_time":14.48465747},
{"learn":[0.008430377786],"iteration":715,"passed_time":36.39811965,"remaining_time":14.43724299},
{"learn":[0.008427124254],"iteration":716,"passed_time":36.43953168,"remaining_time":14.38268824},
{"learn":[0.008411146857],"iteration":717,"passed_time":36.48374312,"remaining_time":14.32926958},
{"learn":[0.008410001468],"iteration":718,"passed_time":36.5217,"remaining_time":14.27343213},
{"learn":[0.008407464967],"iteration":719,"passed_time":36.56128915,"remaining_time":14.21827911},
{"learn":[0.008401885026],"iteration":720,"passed_time":36.6079851,"remaining_time":14.16591934},
{"learn":[0.008398962744],"iteration":721,"passed_time":36.65632468,"remaining_time":14.11420812},
{"learn":[0.00838849208],"iteration":722,"passed_time":36.70220439,"remaining_time":14.06156378},
{"learn":[0.008386239075],"iteration":723,"passed_time":36.74465279,"remaining_time":14.00763007},
{"learn":[0.008381736083],"iteration":724,"passed_time":36.78791708,"remaining_time":13.95403751},
{"learn":[0.008377547191],"iteration":725,"passed_time":36.83740655,"remaining_time":13.90282286},
{"learn":[0.008374520847],"iteration":726,"passed_time":36.8854456,"remaining_time":13.85106829},
{"learn":[0.008332368524],"iteration":727,"passed_time":36.92540015,"remaining_time":13.79630335},
{"learn":[0.00833038981],"iteration":728,"passed_time":36.96381706,"remaining_time":13.74100744},
{"learn":[0.008292868821],"iteration":729,"passed_time":37.0040993,"remaining_time":13.68644769},
{"learn":[0.00829043349],"iteration":730,"passed_time":37.05570228,"remaining_time":13.63609291},
{"learn":[0.008247522383],"iteration":731,"passed_time":37.10372482,"remaining_time":13.58442384},
{"learn":[0.008240074049],"iteration":732,"passed_time":37.14453376,"remaining_time":13.53013713},
{"learn":[0.008216852899],"iteration":733,"passed_time":37.18117175,"remaining_time":13.47437559},
{"learn":[0.008208891045],"iteration":734,"passed_time":37.21896769,"remaining_time":13.41908359},
{"learn":[0.008206894556],"iteration":735,"passed_time":37.25997376,"remaining_time":13.36499059},
{"learn":[0.008201126322],"iteration":736,"passed_time":37.30544643,"remaining_time":13.31252702},
{"learn":[0.008185110072],"iteration":737,"passed_time":37.34733762,"remaining_time":13.25881092},
{"learn":[0.008182365335],"iteration":738,"passed_time":37.39836133,"remaining_time":13.20835224},
{"learn":[0.0081713852],"iteration":739,"passed_time":37.43635051,"remaining_time":13.15331234},
{"learn":[0.00816945801],"iteration":740,"passed_time":37.48082865,"remaining_time":13.10058653},
{"learn":[0.008165352275],"iteration":741,"passed_time":37.52907638,"remaining_time":13.04919368},
{"learn":[0.008162636279],"iteration":742,"passed_time":37.56529088,"remaining_time":12.99364705},
{"learn":[0.008159550894],"iteration":743,"passed_time":37.60539232,"remaining_time":12.93948983},
{"learn":[0.008154462725],"iteration":744,"passed_time":37.64134429,"remaining_time":12.88395006},
{"learn":[0.008152580254],"iteration":745,"passed_time":37.68095396,"remaining_time":12.82970819},
{"learn":[0.00794470105],"iteration":746,"passed_time":37.72780634,"remaining_time":12.77795851},
{"learn":[0.007940899435],"iteration":747,"passed_time":37.77212139,"remaining_time":12.7253671},
{"learn":[0.007937907181],"iteration":748,"passed_time":37.81071746,"remaining_time":12.67088128},
{"learn":[0.007920809003],"iteration":749,"passed_time":37.84877119,"remaining_time":12.61625706},
{"learn":[0.007899668908],"iteration":750,"passed_time":37.89452362,"remaining_time":12.56422954},
{"learn":[0.007897973267],"iteration":751,"passed_time":37.94551761,"remaining_time":12.5139473},
{"learn":[0.007895338866],"iteration":752,"passed_time":38.06501098,"remaining_time":12.48613242},
{"learn":[0.007878066005],"iteration":753,"passed_time":38.20227319,"remaining_time":12.46387163},
{"learn":[0.007812335461],"iteration":754,"passed_time":38.27275481,"remaining_time":12.41963567},
{"learn":[0.007627339032],"iteration":755,"passed_time":38.32803137,"remaining_time":12.37042282},
{"learn":[0.007624614967],"iteration":756,"passed_time":38.37478637,"remaining_time":12.3184585},
{"learn":[0.007620671795],"iteration":757,"passed_time":38.42254038,"remaining_time":12.26682688},
{"learn":[0.007619369854],"iteration":758,"passed_time":38.47599064,"remaining_time":12.21701416},
{"learn":[0.007618562923],"iteration":759,"passed_time":38.52169745,"remaining_time":12.16474656},
{"learn":[0.007615872724],"iteration":760,"passed_time":38.55965543,"remaining_time":12.11006261},
{"learn":[0.007615121937],"iteration":761,"passed_time":38.59895972,"remaining_time":12.05584306},
{"learn":[0.007602187904],"iteration":762,"passed_time":38.65002682,"remaining_time":12.00531633},
{"learn":[0.007599315594],"iteration":763,"passed_time":38.76297521,"remaining_time":11.97390334},
{"learn":[0.007596843456],"iteration":764,"passed_time":38.80419671,"remaining_time":11.92024343},
{"learn":[0.007593693753],"iteration":765,"passed_time":38.84333705,"remaining_time":11.86598025},
{"learn":[0.007586470333],"iteration":766,"passed_time":38.90370841,"remaining_time":11.81820607},
{"learn":[0.007557969136],"iteration":767,"passed_time":38.95716994,"remaining_time":11.76831175},
{"learn":[0.007550614653],"iteration":768,"passed_time":39.00465473,"remaining_time":11.7166128},
{"learn":[0.007521364171],"iteration":769,"passed_time":39.04248789,"remaining_time":11.66204184},
{"learn":[0.007519717347],"iteration":770,"passed_time":39.08973538,"remaining_time":11.61031051},
{"learn":[0.007513814735],"iteration":771,"passed_time":39.13559973,"remaining_time":11.5581823},
{"learn":[0.007511305132],"iteration":772,"passed_time":39.1943684,"remaining_time":11.5098598},
{"learn":[0.007509263358],"iteration":773,"passed_time":39.2366924,"remaining_time":11.45670863},
{"learn":[0.007493882103],"iteration":774,"passed_time":39.28206007,"remaining_time":11.40446905},
{"learn":[0.007425075761],"iteration":775,"passed_time":39.31689475,"remaining_time":11.34920673},
{"learn":[0.007423926174],"iteration":776,"passed_time":39.37805142,"remaining_time":11.30155144},
{"learn":[0.007421854433],"iteration":777,"passed_time":39.42876191,"remaining_time":11.25088065},
{"learn":[0.007416837867],"iteration":778,"passed_time":39.47355796,"remaining_time":11.19853185},
{"learn":[0.007415455419],"iteration":779,"passed_time":39.51420475,"remaining_time":11.14503211},
{"learn":[0.007414464511],"iteration":780,"passed_time":39.55403597,"remaining_time":11.09133659},
{"learn":[0.007404010667],"iteration":781,"passed_time":39.59970039,"remaining_time":11.03930267},
{"learn":[0.00740251443],"iteration":782,"passed_time":39.64712459,"remaining_time":10.98777272},
{"learn":[0.007393988005],"iteration":783,"passed_time":39.68767151,"remaining_time":10.93435848},
{"learn":[0.007390637078],"iteration":784,"passed_time":39.72590268,"remaining_time":10.88034277},
{"learn":[0.007333717385],"iteration":785,"passed_time":39.76387477,"remaining_time":10.82629669},
{"learn":[0.007332816648],"iteration":786,"passed_time":39.8028781,"remaining_time":10.77257057},
{"learn":[0.007332160895],"iteration":787,"passed_time":39.85340288,"remaining_time":10.72198149},
{"learn":[0.007327552643],"iteration":788,"passed_time":39.8937434,"remaining_time":10.66866902},
{"learn":[0.007319323796],"iteration":789,"passed_time":39.92627792,"remaining_time":10.61331438},
{"learn":[0.007295138128],"iteration":790,"passed_time":39.96460953,"remaining_time":10.55954917},
{"learn":[0.007288974823],"iteration":791,"passed_time":40.00404164,"remaining_time":10.50611195},
{"learn":[0.007110833758],"iteration":792,"passed_time":40.04652703,"remaining_time":10.45350706},
{"learn":[0.007110401734],"iteration":793,"passed_time":40.08982637,"remaining_time":10.40113883},
{"learn":[0.007109590497],"iteration":794,"passed_time":40.13562744,"remaining_time":10.34943852},
{"learn":[0.007089304103],"iteration":795,"passed_time":40.17624638,"remaining_time":10.29642495},
{"learn":[0.006940230687],"iteration":796,"passed_time":40.23244563,"remaining_time":10.24741087},
{"learn":[0.00692767188],"iteration":797,"passed_time":40.28823751,"remaining_time":10.19827566},
{"learn":[0.006924612174],"iteration":798,"passed_time":40.33393712,"remaining_time":10.14658493},
{"learn":[0.006920035098],"iteration":799,"passed_time":40.37652212,"remaining_time":10.09413053},
{"learn":[0.006918046002],"iteration":800,"passed_time":40.41507822,"remaining_time":10.04069983},
{"learn":[0.006899375005],"iteration":801,"passed_time":40.45788958,"remaining_time":9.988356779},
{"learn":[0.006897910747],"iteration":802,"passed_time":40.50363902,"remaining_time":9.936758265},
{"learn":[0.006893471582],"iteration":803,"passed_time":40.54303247,"remaining_time":9.883624831},
{"learn":[0.006891095632],"iteration":804,"passed_time":40.58469111,"remaining_time":9.831074244},
{"learn":[0.006888411754],"iteration":805,"passed_time":40.6232789,"remaining_time":9.777811548},
{"learn":[0.006876756756],"iteration":806,"passed_time":40.66521289,"remaining_time":9.725385486},
{"learn":[0.006873287584],"iteration":807,"passed_time":40.72118119,"remaining_time":9.676320282},
{"learn":[0.006865119552],"iteration":808,"passed_time":40.76363418,"remaining_time":9.62404713},
{"learn":[0.006852292999],"iteration":809,"passed_time":40.80666045,"remaining_time":9.571932698},
{"learn":[0.006845832121],"iteration":810,"passed_time":40.84152574,"remaining_time":9.517938797},
{"learn":[0.006844162668],"iteration":811,"passed_time":40.88363045,"remaining_time":9.465668133},
{"learn":[0.006843386109],"iteration":812,"passed_time":40.9293055,"remaining_time":9.4142437},
{"learn":[0.006838922768],"iteration":813,"passed_time":40.97733022,"remaining_time":9.363370296},
{"learn":[0.006834135108],"iteration":814,"passed_time":41.01784489,"remaining_time":9.310799147},
{"learn":[0.006832507711],"iteration":815,"passed_time":41.05407404,"remaining_time":9.257291204},
{"learn":[0.006831360044],"iteration":816,"passed_time":41.09341906,"remaining_time":9.204523486},
{"learn":[0.006815233026],"iteration":817,"passed_time":41.13931985,"remaining_time":9.153247204},
{"learn":[0.006749771732],"iteration":818,"passed_time":41.18338462,"remaining_time":9.101578287},
{"learn":[0.006749378138],"iteration":819,"passed_time":41.22041187,"remaining_time":9.048383094},
{"learn":[0.006743508146],"iteration":820,"passed_time":41.26751922,"remaining_time":8.997425018},
{"learn":[0.006731178212],"iteration":821,"passed_time":41.3291556,"remaining_time":8.949622501},
{"learn":[0.006723912146],"iteration":822,"passed_time":41.37963595,"remaining_time":8.899387075},
{"learn":[0.00669296688],"iteration":823,"passed_time":41.41772757,"remaining_time":8.846504917},
{"learn":[0.006560301743],"iteration":824,"passed_time":41.45151977,"remaining_time":8.792746617},
{"learn":[0.006558993],"iteration":825,"passed_time":41.49366455,"remaining_time":8.740796165},
{"learn":[0.006558316881],"iteration":826,"passed_time":41.53783747,"remaining_time":8.689293692},
{"learn":[0.006549724865],"iteration":827,"passed_time":41.58509554,"remaining_time":8.638449797},
{"learn":[0.006482794503],"iteration":828,"passed_time":41.62270425,"remaining_time":8.585624158},
{"learn":[0.006477825616],"iteration":829,"passed_time":41.66463305,"remaining_time":8.533720021},
{"learn":[0.006472547826],"iteration":830,"passed_time":41.7037059,"remaining_time":8.481259081},
{"learn":[0.006471402858],"iteration":831,"passed_time":41.74412592,"remaining_time":8.429102348},
{"learn":[0.006416498511],"iteration":832,"passed_time":41.7927006,"remaining_time":8.378608644},
{"learn":[0.006412342991],"iteration":833,"passed_time":41.83274365,"remaining_time":8.326421399},
{"learn":[0.006405186522],"iteration":834,"passed_time":41.86843085,"remaining_time":8.273402503},
{"learn":[0.006401675874],"iteration":835,"passed_time":41.90961962,"remaining_time":8.221504328},
{"learn":[0.006396037534],"iteration":836,"passed_time":41.94834781,"remaining_time":8.169152561},
{"learn":[0.00638277836],"iteration":837,"passed_time":42.00651058,"remaining_time":8.120590351},
{"learn":[0.006376620498],"iteration":838,"passed_time":42.04522965,"remaining_time":8.068274105},
{"learn":[0.006372416552],"iteration":839,"passed_time":42.08951037,"remaining_time":8.017049594},
{"learn":[0.006371735538],"iteration":840,"passed_time":42.12905707,"remaining_time":7.96494658},
{"learn":[0.006367558483],"iteration":841,"passed_time":42.17479103,"remaining_time":7.91403442},
{"learn":[0.006365939086],"iteration":842,"passed_time":42.22636193,"remaining_time":7.864221617},
{"learn":[0.006363711649],"iteration":843,"passed_time":42.26560131,"remaining_time":7.812125361},
{"learn":[0.006361116975],"iteration":844,"passed_time":42.31658738,"remaining_time":7.762214253},
{"learn":[0.006359314761],"iteration":845,"passed_time":42.36575907,"remaining_time":7.711970327},
{"learn":[0.006314351119],"iteration":846,"passed_time":42.42100702,"remaining_time":7.662826533},
{"learn":[0.006308172729],"iteration":847,"passed_time":42.46214799,"remaining_time":7.611139734},
{"learn":[0.00630427187],"iteration":848,"passed_time":42.50421647,"remaining_time":7.55964274},
{"learn":[0.006302825358],"iteration":849,"passed_time":42.5383378,"remaining_time":7.506765494},
{"learn":[0.006290246918],"iteration":850,"passed_time":42.57926904,"remaining_time":7.455124662},
{"learn":[0.006285515134],"iteration":851,"passed_time":42.61975628,"remaining_time":7.403431842},
{"learn":[0.006281960324],"iteration":852,"passed_time":42.66393013,"remaining_time":7.35240062},
{"learn":[0.006275213468],"iteration":853,"passed_time":42.70741615,"remaining_time":7.301267866},
{"learn":[0.006269564669],"iteration":854,"passed_time":42.7487097,"remaining_time":7.249781177},
{"learn":[0.006266361183],"iteration":855,"passed_time":42.78880989,"remaining_time":7.198117552},
{"learn":[0.006265515054],"iteration":856,"passed_time":42.82836047,"remaining_time":7.146389203},
{"learn":[0.00625942596],"iteration":857,"passed_time":42.86397136,"remaining_time":7.094037219},
{"learn":[0.006258346853],"iteration":858,"passed_time":42.91489613,"remaining_time":7.044237898},
{"learn":[0.006257227327],"iteration":859,"passed_time":42.95451832,"remaining_time":6.992596005},
{"learn":[0.00625630639],"iteration":860,"passed_time":43.00091305,"remaining_time":6.942075393},
{"learn":[0.006255856219],"iteration":861,"passed_time":43.03914838,"remaining_time":6.890258093},
{"learn":[0.006251038482],"iteration":862,"passed_time":43.0842045,"remaining_time":6.839555059},
{"learn":[0.006109257751],"iteration":863,"passed_time":43.13174784,"remaining_time":6.789256604},
{"learn":[0.006107923062],"iteration":864,"passed_time":43.16814563,"remaining_time":6.73722504},
{"learn":[0.006105993687],"iteration":865,"passed_time":43.2081638,"remaining_time":6.68578978},
{"learn":[0.006105752153],"iteration":866,"passed_time":43.25097072,"remaining_time":6.634808657},
{"learn":[0.006105154126],"iteration":867,"passed_time":43.30540414,"remaining_time":6.585614455},
{"learn":[0.006100129272],"iteration":868,"passed_time":43.35700154,"remaining_time":6.53598067},
{"learn":[0.00609792639],"iteration":869,"passed_time":43.40386945,"remaining_time":6.485635665},
{"learn":[0.006094380539],"iteration":870,"passed_time":43.44999639,"remaining_time":6.435188902},
{"learn":[0.006092397388],"iteration":871,"passed_time":43.4878292,"remaining_time":6.383534562},
{"learn":[0.006091084319],"iteration":872,"passed_time":43.53323695,"remaining_time":6.333013852},
{"learn":[0.00608757079],"iteration":873,"passed_time":43.58901514,"remaining_time":6.283999894},
{"learn":[0.006085800637],"iteration":874,"passed_time":43.62901002,"remaining_time":6.232715717},
{"learn":[0.006023354645],"iteration":875,"passed_time":43.67337029,"remaining_time":6.182075246},
{"learn":[0.006021509924],"iteration":876,"passed_time":43.71666077,"remaining_time":6.131299059},
{"learn":[0.006019630642],"iteration":877,"passed_time":43.7714436,"remaining_time":6.08213681},
{"learn":[0.006004970486],"iteration":878,"passed_time":43.81687639,"remaining_time":6.03167468},
{"learn":[0.006003653439],"iteration":879,"passed_time":43.85794339,"remaining_time":5.980628644},
{"learn":[0.006000789561],"iteration":880,"passed_time":43.90098218,"remaining_time":5.9298716},
{"learn":[0.005996244381],"iteration":881,"passed_time":43.94336227,"remaining_time":5.879043932},
{"learn":[0.005986797396],"iteration":882,"passed_time":43.99001433,"remaining_time":5.828801446},
{"learn":[0.00598593473],"iteration":883,"passed_time":44.04017996,"remaining_time":5.77902814},
{"learn":[0.005934261735],"iteration":884,"passed_time":44.08321165,"remaining_time":5.728326938},
{"learn":[0.005933201401],"iteration":885,"passed_time":44.12465856,"remaining_time":5.677439137},
{"learn":[0.005818830344],"iteration":886,"passed_time":44.16608574,"remaining_time":5.626570112},
{"learn":[0.005815674639],"iteration":887,"passed_time":44.21252621,"remaining_time":5.576354657},
{"learn":[0.005815142208],"iteration":888,"passed_time":44.26504834,"remaining_time":5.526907048},
{"learn":[0.005814681538],"iteration":889,"passed_time":44.31524335,"remaining_time":5.477164908},
{"learn":[0.005809884255],"iteration":890,"passed_time":44.35867082,"remaining_time":5.426593849},
{"learn":[0.005805161272],"iteration":891,"passed_time":44.40743936,"remaining_time":5.376685483},
{"learn":[0.005804459248],"iteration":892,"passed_time":44.45891156,"remaining_time":5.327103624},
{"learn":[0.005766023531],"iteration":893,"passed_time":44.5003443,"remaining_time":5.276327176},
{"learn":[0.005752081234],"iteration":894,"passed_time":44.54268181,"remaining_time":5.225677754},
{"learn":[0.00574780302],"iteration":895,"passed_time":44.58226015,"remaining_time":5.174726625},
{"learn":[0.005741836324],"iteration":896,"passed_time":44.62027349,"remaining_time":5.123621148},
{"learn":[0.005741475805],"iteration":897,"passed_time":44.66233206,"remaining_time":5.07300431},
{"learn":[0.00573717295],"iteration":898,"passed_time":44.71220121,"remaining_time":5.023284006},
{"learn":[0.00573595902],"iteration":899,"passed_time":44.75861585,"remaining_time":4.973179539},
{"learn":[0.005735136333],"iteration":900,"passed_time":44.79745056,"remaining_time":4.922250394},
{"learn":[0.005721632491],"iteration":901,"passed_time":44.83510082,"remaining_time":4.87121938},
{"learn":[0.005665278973],"iteration":902,"passed_time":44.87899397,"remaining_time":4.820888611},
{"learn":[0.005662833428],"iteration":903,"passed_time":44.9199741,"remaining_time":4.770262736},
{"learn":[0.00566179481],"iteration":904,"passed_time":44.96561941,"remaining_time":4.720147894},
{"learn":[0.005647901807],"iteration":905,"passed_time":45.00113501,"remaining_time":4.668991933},
{"learn":[0.005632435392],"iteration":906,"passed_time":45.03523879,"remaining_time":4.617725697},
{"learn":[0.005629142757],"iteration":907,"passed_time":45.07808901,"remaining_time":4.567383468},
{"learn":[0.005627223066],"iteration":908,"passed_time":45.11997143,"remaining_time":4.516960837},
{"learn":[0.005618576519],"iteration":909,"passed_time":45.16320926,"remaining_time":4.466691025},
{"learn":[0.00561727201],"iteration":910,"passed_time":45.20228062,"remaining_time":4.41602961},
{"learn":[0.005616693072],"iteration":911,"passed_time":45.2402958,"remaining_time":4.3652917},
{"learn":[0.005613572262],"iteration":912,"passed_time":45.28829863,"remaining_time":4.315533386},
{"learn":[0.005613262321],"iteration":913,"passed_time":45.33882823,"remaining_time":4.266016661},
{"learn":[0.005612603091],"iteration":914,"passed_time":45.37958035,"remaining_time":4.215589432},
{"learn":[0.005512852092],"iteration":915,"passed_time":45.42536864,"remaining_time":4.165645159},
{"learn":[0.00551173164],"iteration":916,"passed_time":45.47712867,"remaining_time":4.116250469},
{"learn":[0.005504504859],"iteration":917,"passed_time":45.51898814,"remaining_time":4.065966261},
{"learn":[0.005480223814],"iteration":918,"passed_time":45.5711886,"remaining_time":4.016611835},
{"learn":[0.005479233349],"iteration":919,"passed_time":45.60809926,"remaining_time":3.965921675},
{"learn":[0.005426247622],"iteration":920,"passed_time":45.64597112,"remaining_time":3.915343886},
{"learn":[0.005425880304],"iteration":921,"passed_time":45.69071669,"remaining_time":3.865375165},
{"learn":[0.005423067215],"iteration":922,"passed_time":45.73649197,"remaining_time":3.815503663},
{"learn":[0.005421948676],"iteration":923,"passed_time":45.79035165,"remaining_time":3.76630598},
{"learn":[0.005419076593],"iteration":924,"passed_time":45.82897668,"remaining_time":3.715862974},
{"learn":[0.005413561523],"iteration":925,"passed_time":45.87233192,"remaining_time":3.665823502},
{"learn":[0.00536981359],"iteration":926,"passed_time":45.91078013,"remaining_time":3.615412027},
{"learn":[0.00536553751],"iteration":927,"passed_time":45.95301113,"remaining_time":3.565319829},
{"learn":[0.005351492543],"iteration":928,"passed_time":46.00595436,"remaining_time":3.51606325},
{"learn":[0.005347634102],"iteration":929,"passed_time":46.04810584,"remaining_time":3.465986461},
{"learn":[0.005343441479],"iteration":930,"passed_time":46.09078778,"remaining_time":3.415966012},
{"learn":[0.005305631403],"iteration":931,"passed_time":46.12863582,"remaining_time":3.365608622},
{"learn":[0.005305166978],"iteration":932,"passed_time":46.17350314,"remaining_time":3.315782112},
{"learn":[0.005300440915],"iteration":933,"passed_time":46.22056661,"remaining_time":3.26612141},
{"learn":[0.005300148261],"iteration":934,"passed_time":46.26096698,"remaining_time":3.216003052},
{"learn":[0.00529951521],"iteration":935,"passed_time":46.30406981,"remaining_time":3.166090244},
{"learn":[0.005298941997],"iteration":936,"passed_time":46.34157766,"remaining_time":3.115815787},
{"learn":[0.005287860323],"iteration":937,"passed_time":46.38495231,"remaining_time":3.065956336},
{"learn":[0.00528761635],"iteration":938,"passed_time":46.435772,"remaining_time":3.016594347},
{"learn":[0.005281829039],"iteration":939,"passed_time":46.48938419,"remaining_time":2.967407501},
{"learn":[0.005183246705],"iteration":940,"passed_time":46.52838976,"remaining_time":2.917295426},
{"learn":[0.005173010598],"iteration":941,"passed_time":46.56660835,"remaining_time":2.867158476},
{"learn":[0.005170112709],"iteration":942,"passed_time":46.61387055,"remaining_time":2.817593448},
{"learn":[0.005169098681],"iteration":943,"passed_time":46.66226869,"remaining_time":2.768100685},
{"learn":[0.005167596637],"iteration":944,"passed_time":46.70090491,"remaining_time":2.718042085},
{"learn":[0.005150373385],"iteration":945,"passed_time":46.73673482,"remaining_time":2.667847442},
{"learn":[0.005149641641],"iteration":946,"passed_time":46.78072937,"remaining_time":2.618140081},
{"learn":[0.005149045595],"iteration":947,"passed_time":46.82121004,"remaining_time":2.568252028},
{"learn":[0.00514783709],"iteration":948,"passed_time":46.87736921,"remaining_time":2.519226375},
{"learn":[0.005147522546],"iteration":949,"passed_time":46.9200425,"remaining_time":2.469475921},
{"learn":[0.005146120254],"iteration":950,"passed_time":46.95946127,"remaining_time":2.419572663},
{"learn":[0.005100690887],"iteration":951,"passed_time":46.99937882,"remaining_time":2.369716579},
{"learn":[0.00509942019],"iteration":952,"passed_time":47.04071821,"remaining_time":2.319951475},
{"learn":[0.005099031875],"iteration":953,"passed_time":47.09226366,"remaining_time":2.270696151},
{"learn":[0.005092027146],"iteration":954,"passed_time":47.13042643,"remaining_time":2.220805434},
{"learn":[0.005091409133],"iteration":955,"passed_time":47.17303552,"remaining_time":2.171143894},
{"learn":[0.005086800631],"iteration":956,"passed_time":47.21493569,"remaining_time":2.12146524},
{"learn":[0.005078478538],"iteration":957,"passed_time":47.25731249,"remaining_time":2.071823721},
{"learn":[0.005077263244],"iteration":958,"passed_time":47.31843614,"remaining_time":2.022998834},
{"learn":[0.005076853921],"iteration":959,"passed_time":47.36271878,"remaining_time":1.973446616},
{"learn":[0.005075863189],"iteration":960,"passed_time":47.40172258,"remaining_time":1.923691135},
{"learn":[0.005074098282],"iteration":961,"passed_time":47.44050193,"remaining_time":1.873949141},
{"learn":[0.005062806988],"iteration":962,"passed_time":47.49352003,"remaining_time":1.82477699},
{"learn":[0.005055279145],"iteration":963,"passed_time":47.54598949,"remaining_time":1.775576371},
{"learn":[0.005052531635],"iteration":964,"passed_time":47.58763386,"remaining_time":1.725976358},
{"learn":[0.005007932378],"iteration":965,"passed_time":47.6270955,"remaining_time":1.676315991},
{"learn":[0.005007604104],"iteration":966,"passed_time":47.67301364,"remaining_time":1.626897053},
{"learn":[0.005006407683],"iteration":967,"passed_time":47.71522024,"remaining_time":1.577362653},
{"learn":[0.005005188263],"iteration":968,"passed_time":47.75900346,"remaining_time":1.527893815},
{"learn":[0.004995355237],"iteration":969,"passed_time":47.79609875,"remaining_time":1.478229858},
{"learn":[0.004994919861],"iteration":970,"passed_time":47.83389971,"remaining_time":1.428612865},
{"learn":[0.004992740743],"iteration":971,"passed_time":47.9133108,"remaining_time":1.38021883},
{"learn":[0.004991739731],"iteration":972,"passed_time":48.02197764,"remaining_time":1.332572864},
{"learn":[0.004988926315],"iteration":973,"passed_time":48.11888799,"remaining_time":1.28448777},
{"learn":[0.00498812937],"iteration":974,"passed_time":48.19457643,"remaining_time":1.23575837},
{"learn":[0.004973629455],"iteration":975,"passed_time":48.24095687,"remaining_time":1.186253038},
{"learn":[0.004971808307],"iteration":976,"passed_time":48.29283218,"remaining_time":1.13688346},
{"learn":[0.00495885524],"iteration":977,"passed_time":48.33276657,"remaining_time":1.087240148},
{"learn":[0.004870124318],"iteration":978,"passed_time":48.37370608,"remaining_time":1.037638231},
{"learn":[0.00486781005],"iteration":979,"passed_time":48.41624746,"remaining_time":0.9880866829},
{"learn":[0.004858756392],"iteration":980,"passed_time":48.45555686,"remaining_time":0.9384868301},
{"learn":[0.004845468055],"iteration":981,"passed_time":48.55046418,"remaining_time":0.889927042},
{"learn":[0.004838342632],"iteration":982,"passed_time":48.62634469,"remaining_time":0.8409439062},
{"learn":[0.004837590115],"iteration":983,"passed_time":48.66553587,"remaining_time":0.7913095264},
{"learn":[0.004834975352],"iteration":984,"passed_time":48.71601694,"remaining_time":0.7418682783},
{"learn":[0.004830911285],"iteration":985,"passed_time":48.75878335,"remaining_time":0.6923153823},
{"learn":[0.004830280173],"iteration":986,"passed_time":48.7998621,"remaining_time":0.6427540094},
{"learn":[0.004829931451],"iteration":987,"passed_time":48.83895567,"remaining_time":0.5931856964},
{"learn":[0.004828402932],"iteration":988,"passed_time":48.87600589,"remaining_time":0.543615839},
{"learn":[0.004816340349],"iteration":989,"passed_time":48.93046884,"remaining_time":0.49424716},
{"learn":[0.004814966408],"iteration":990,"passed_time":48.97499824,"remaining_time":0.444777986},
{"learn":[0.004811287194],"iteration":991,"passed_time":49.01418695,"remaining_time":0.3952757012},
{"learn":[0.004810932953],"iteration":992,"passed_time":49.05313922,"remaining_time":0.3457925222},
{"learn":[0.004810637937],"iteration":993,"passed_time":49.1027096,"remaining_time":0.2963946253},
{"learn":[0.004809698904],"iteration":994,"passed_time":49.14653118,"remaining_time":0.2469674934},
{"learn":[0.004808529516],"iteration":995,"passed_time":49.19352177,"remaining_time":0.1975643444},
{"learn":[0.004802413576],"iteration":996,"passed_time":49.23237143,"remaining_time":0.1481415389},
{"learn":[0.00480200687],"iteration":997,"passed_time":49.28017696,"remaining_time":0.09875786966},
{"learn":[0.004793331936],"iteration":998,"passed_time":49.32549967,"remaining_time":0.04937487455},
{"learn":[0.004787218261],"iteration":999,"passed_time":49.37267422,"remaining_time":0}
]}